link,organisation
000a05de97fae4ea6e8c7ebbb6adf7ed07f595ef5cf322a620503c4a3113fd0d,local-authority-eng:WYE
001a20438f6d8a3e0ae901fbff576fb64dcd41b223939094e7d38d363c94b2da,local-authority-eng:WEY
0023c2787bdf5bff507076999e29f6de9063e18a2b3e0a8e424b92673a122db4,local-authority-eng:LIV
003e505de03c812b8eca3f1828961770d33c530f5f1bb401f8cfce97bc7108f8,local-authority-eng:MEN
00e467ed4c2e8efae57dc3ebdac239c5956920e588d1eaccf66bc61589746e82,local-authority-eng:COL
01307bca0ecc5c950ef9b35c02ee7b3378cd9b7d29078229e4984a88d4f04ed1,local-authority-eng:BST
01fd0dd170e8d8274f7887ea28b88de710c4425f58904ee325616f3ad454abff,local-authority-eng:CHS
02047b7f79a2a3c816bd7438dee10e183ead7ded1ed94e023c0bf28511c1e425,local-authority-eng:WEL
021df06a2f3de271964ff0063e33082b62fb667ca6f4e30a3b85a63adc759bac,local-authority-eng:ROS
0229227627ed9813e1157731084ee85c1bb30e831c063065453e707c57129c0c,local-authority-eng:COR
0229227627ed9813e1157731084ee85c1bb30e831c063065453e707c57129c0c,local-authority-eng:ENO
0229227627ed9813e1157731084ee85c1bb30e831c063065453e707c57129c0c,local-authority-eng:KET
0229227627ed9813e1157731084ee85c1bb30e831c063065453e707c57129c0c,local-authority-eng:WEL
0231c5a97fa63be2944720d73ad7bf31e159cf04045b275bd83635bcd06cd995,local-authority-eng:NBL
024ad59af8227d3c99024a506a1a87cd9106174b96e732a82d2e82579a377baa,local-authority-eng:SBU
029cb9e14e0428ef9dc4a2d7afe8a8a904f19af1ad4cfc47dbd251b009714967,local-authority-eng:CHL
03400eeced438d15efc6cdcae6b3292edb4658ec4736fc8176947eab61ee993a,local-authority-eng:WND
035221aa7f7ff460fd08b3612e5c05b48d1fea1e2453d1e8f56e91ac93dc6ce9,national-park-authority:Q27159704
035538e79df78d7564f052a0aa3c3fe2d4b12044fc49f9dec9ea12fe7f031098,national-park-authority:Q72617158
0355597adcbb22ab4cc1c8bd5933a7dfb369a291d126fae137e7236e6e6979ec,local-authority-eng:BAI
03b5752813b86ef91819480eea702a652ef349adb0912df30542eb5b894e14f4,local-authority-eng:HYN
045c64c77fe77a89d29ab26b93c831949e757554424b65e076fbd87f1e655887,local-authority-eng:LIF
0467425a3684994a47e296ad85459dbc12ac97ce7dec7cec16550cc185f2880d,local-authority-eng:NHE
047170c620072b1145c4f194f40aee64401ca3c86678beb73440c4573eb0e38e,local-authority-eng:IOS
049a370b16e25cfa693a50ef7b8553cf7e0583a3f32e56558efba3aeed4fc5e5,local-authority-eng:SHF
04d00532254c31c902eba41612cdb4a4095a713b510b17d1f446f2723f001034,local-authority-eng:BRA
0508294156aa95900dc4945d8ee8a6767bf17d7c88cb3b09d10d028fd2d67b02,local-authority-eng:CHI
05588db376760416f9d698a5ab405f416d84e733f1b932cb899edf3e606748a6,local-authority-eng:WYR
05a3c7593ddfe9371abaf6af74fdcb9114bd6a3ceaecdb26e3969dc233fe98b5,local-authority-eng:ELI
05c5532b6f4f1bd62feb00906c2f767a7304c2891ec8e4186c8ccae14df464ba,local-authority-eng:WEW
062fa72fd2a8304283e5f00023cf29f7b794e4ceb4b88f194186cc20785f44dd,local-authority-eng:GLO
0668d0952c886df8f4ede244d80ce642e0cb9301036edc6930204f985cc1ecd7,local-authority-eng:CAT
06bb90a22d3bcd347ef6231e3c4e49cbd686f057ea4f6427a0c107e4c8bfa3d5,local-authority-eng:MEL
06dc0b21cf330c8d7e7b0d53c43af9cda318cd3eccfd99d7b9db9e90f3426742,local-authority-eng:STE
06f5b803a7b11465293da23304c89217103f87054f24838d95bd0e6cf11a0b2c,local-authority-eng:CHE
07534c073cb1bf72d7cf14d318ad032197ff9b704078f838c3209e13512aebe9,local-authority-eng:BBD
07bb3bc6632d16034fb6d40b061e09db860161c01ac3c26741d771f3f5f22e29,local-authority-eng:SAL
08bfbb7a4afa0c727248fdedd6bc7f655fa0dcb4ebf7babf6f1a7a541dea25b9,local-authority-eng:DUR
0945d4874b3a0858f1ce4058667f591fed716134e6425ab0fb62f70929d04fd2,local-authority-eng:KTT
0a0d0c13abbc02fbedd7ff98fa2fecbdae622d22537811bfc1b2a6bd13d36c8f,local-authority-eng:NEA
0a39af91c9d4bdf0fe84ff13976073123179451ce63228ea10bcd8dc6e945c0d,local-authority-eng:CON
0b4192c3ea322acaa2cb90853ebaf1fb89b2d028e3c36854d0340d57910e3b09,local-authority-eng:WRT
0be9dfbaa22ce04086608c043c41895c455d4e5fccd042263d6ae6b62442d49b,local-authority-eng:SEL
0bf8d6366e1fb2bc354ed82ad2214339594c239fa07e6f48dd0d9cdd296fa3c5,local-authority-eng:WND
0c7ebc8d72cf6cba7808c22fbb3de3ab786367bc30574c4c565fd1a79285e833,local-authority-eng:BUN
0cc394aaa08fbe2f79dd179a741c980542ebe935e52902cabba83c0b1dce4def,local-authority-eng:RUG
0da76a2308c23a2bf6d00c7808956e066d3d6c1a559535cef93d6974096b4e8f,local-authority-eng:NGM
0e26639e2f7099588ce024b865a7f1dcc3c8cf4489530e5a6cd3f587bd3620c7,local-authority-eng:GED
0eb8e8e249606cf5295ae92c5d24e3104c37296b8db2ae970e47959a2662c899,local-authority-eng:WOK
0f6152e272209760b0867036af37fe5ac15f0b9a0605eb32870400e0e34b98c3,local-authority-eng:SSO
0f6db116583df6b99c132dff7936dff40e734fad70f56aa9a8778af44d54a361,local-authority-eng:SLA
10150f8cc697deeff866ed4dfa82ae19cbbd5aae565cd89d4d3e32aad11d8ab6,local-authority-eng:BEN
101ca55e27b01d7632a888af70f3dc382c05aa83e2e496e81f74bf7e689b30a1,local-authority-eng:WYC
104cb1732d544e40da36c7960f77d317d9133f6ce3e86613daa1db99f9d5b086,local-authority-eng:WAE
10b658245c216f9bd832546e3b7fb8700ac7595b4a5111c926ab5db8c49e5a42,local-authority-eng:DAC
110d1feccabea662a02fc393b1e8156f4d4e04f3d65b131c2668a0bffd7cecf6,national-park-authority:Q20198711
11ccca5934ad33edc8f968b981cef26e1e09ec698ed10770cfaf7a076bbeb002,local-authority-eng:SHN
1234a961deb842fca9c1a660ca8d02ae26a8273341df8a490738d4efccf71eb7,local-authority-eng:WYO
129b04bc715418ceac581849108e69a5a866e48cb6bc32f4be32b5ef1dc4dd11,local-authority-eng:SHN
129cfe3e25c4e245ec173bcfd0ec01f6887184631cc19084c7f4a3ee0f40490d,local-authority-eng:SHO
129ef95d8c5dd53723ef9f67709446967b9375e7486be9a281859b4e7a0e3b07,local-authority-eng:KWL
12aa1979c2b2496cf49988484b76e0ea78f60df290fc368d7ea8be38e2f7f7cd,local-authority-eng:BAR
12ca9bd2b912e5ac4336907c0c35a49f17898111daa195780a02e0e89d56eddc,local-authority-eng:WIN
12f58843db8e1172711129a21a7d9f7c557cf9b8caeec6194b65825f1f318e27,local-authority-eng:STY
1302e6bf9ffc6f5469206d9c1ee3b3bc6a96366a9e164bb4fb7fe8a40adb1d89,local-authority-eng:NED
136cb36eb4eebb415cae134304c764cd0ef082d38941647b4a52fb5bb58bfa87,local-authority-eng:BAR
13c31c000deb336d55b27fdb65c6dbe4520a0db915887d5ca07346a2abdcc8dc,local-authority-eng:CRY
1403bbbf396101e1ebf5feaaa484b2180d2d51403e132dd25b8950fc97a830d9,local-authority-eng:RUH
141233a17c620d221291c83d1c85c03c8b2e43047fad1c2dea5da13775fba71f,local-authority-eng:BAE
149fc25ae7b0ee894d693abce0c3ccf66d0b31b5deda2380e1e3fd8a34490477,local-authority-eng:OAD
14a53c81a5ea9886404fa18fa690ee7482d86a78ba7a9a0088287d7fec1960ab,local-authority-eng:CRW
1557e0e322fd55067f4c9d541d7cf2862809b8e2e945d13bb69a3757e839e9ec,local-authority-eng:BNH
156806e678bb09a5049eac29c96b3ba836ae5e03df7852ac0a49545534b31fcc,local-authority-eng:GRY
15a5f3cdade92053d3fde97de96b41fd79029bc32037cf3d1d3e96790cb147ad,local-authority-eng:BOL
17c14f349ab551e07c1ca35e510c559977c380fd28d9ed5ed98e5d5c0a2374e9,local-authority-eng:NOR
17c58d40147e984ca7745a54276942aed86cbf0c776c7af2c32b85194ef7823a,local-authority-eng:NOW
17d78517d2781f7145e5347b919b88b4b8bdfd7a4c763a74622cb54bf232bc3a,local-authority-eng:CBF
185f1b1d8dfd30487670be2b2988ccd41a51e5a8848e867c7928d8f948c6ccab,local-authority-eng:EDO
18c714ab07cb7bd0acfc3fdfe9ddf03a9644cf87c0023124c758961003fd8484,local-authority-eng:NEC
1945e57b32134a160bfb4972bcd6f86935b4c6fc0bd0001dcf41353bb16d9041,local-authority-eng:AMB
197d1b990b5cc6ebfb194ff9d039de5a2b85af6b732e26baa1de03eb8c802f57,local-authority-eng:CHW
19ac59238428cc98da8616eb7e17d6650b0d438dc6120f306c07ad0ece371acd,local-authority-eng:KIN
19d632bd5a1a49844fba72909b0b2f9c5a84b953d0a9d3d8d272e1d3b0127990,local-authority-eng:WRT
19d749a93073e87f6a60146a31652bdf08dcd36e789546bd77873987a968ef8c,local-authority-eng:SAL
1a038ed03f583a6d1d67b8fd45bbc4909bd6ee0658cbbd3d2e85dc29877db46d,local-authority-eng:DUR
1a9c58e854159f4d17a9225579d657571a5f06d9ba23aa3bc487ebc591ceacc2,local-authority-eng:DOV
1aa21a299c082939cc0e48d3fc652b6b3184a679d48877e0bc873396328cc341,local-authority-eng:TEI
1b7ed4cb554608d7391f184813f411e8bb956698ddd6cdbc3ac9d459be42ad38,local-authority-eng:GAT
1c15c98d5aee488398bbb5ad1145a46aa74dedfecaffd7a475eaaace32edc669,local-authority-eng:ISL
1c2082e5ca9209f6318aeacf0027deb5b873ae89e6312f75883aaa5d1f0ed30d,local-authority-eng:TON
1c4528a1dcd231ca2c0282dd3445f408d23c2730ac2380f380962a020e23ee97,local-authority-eng:IOW
1c5855aa2e53b3cff92c560174ab5e025d20dd8dfa8923269b51404695d0fc4f,local-authority-eng:BUR
1d7635c98393b64a2fde13a75b1f40cfb8c9c19c2446d323b990009a40662666,local-authority-eng:MEN
1d8ad90765caf1111af06151b6a609c82386fb218e80dc8d72646347cd20085a,local-authority-eng:CHI
1e24194b662874b45683dd6ccb514c42673a3b77f14dc772311ead7bff0711a4,local-authority-eng:LND
1eb466a9bd6231c7949ed783350f8e0124b474599e87cb1ab1d2bb669f800150,local-authority-eng:ERE
1f4daca5b252bd8ed2437f533c30c57937d63b45b92051027a329495985b07de,local-authority-eng:CHN
1f7ce9ada6f3e9c5ecdb841b29c16d9f245a01fa665fca3093cd0cc5cfaa9ab3,local-authority-eng:MAN
1f95f86be7baf1483ca65a2bcd588a6c843f1f4aa28d5e40ca659342f05bcc55,local-authority-eng:LEE
2045132c2c24df3e7ab24f5e5113d3c1496364c6cb3527fdeae05a214c118241,local-authority-eng:WOX
20d3494f78924f4f202612668ad78949b8fad0726890e26318b37d3cbe10d12a,national-park-authority:Q72617784
210b091c0601603879b8a4e99fcd74e53876589caea6fb507f34d1f136e21052,local-authority-eng:ELM
212e02c778cc93e00e569c00955a78ced368a07954b71097a9db29537cd25878,local-authority-eng:STF
2198ee2ac5494ef240e958b9e884e84e8ca1c1ef988fa820785ce6440cfeb673,local-authority-eng:SRI
21ca7e14957872ceecc3e2500b78a281bd206a9804ab8f24aa97fc52850559b5,local-authority-eng:NEW
2236b9b65ee4dc2fb6528ae3863a3aa31eb2230c1a13ab8aaffd0aa9809321e2,local-authority-eng:ERY
224e2b298f076be0a10d5bf0dd70293a983846a6b73ab057737868f081ae3ec5,national-park-authority:Q20198711
22604698cc5bd1b88e9b54d506e815073c9e0b2bbc5955b76cc67ba13affef51,local-authority-eng:WLI
22665561070f6c6d9b3ce018282d3e2414321d4fb601746b4e2ea33ebce41283,local-authority-eng:SUR
2271dda0263bac34640528928368fcbe230c6b6092f4b66dfd090b3ee070d9de,local-authority-eng:CHA
2281a333c818d5eb0fc163ef37585b1ef60ec33df8be8471d1adba37802eb610,local-authority-eng:HPL
22b8142c42493d3d2ebbb573e22912da5088af1fdfae29b771f1f66c85f1fecc,local-authority-eng:RIB
232b738fdfcae4e41c82bf6f3921207d7e67c91181e63c10882bf71f981ccce9,local-authority-eng:HEF
239f7a38efe51fb6271d40bd76dd7413fecb458a5c4d1e0febde7eb98550fb7b,local-authority-eng:AMB
241972008f313fe53ba8a803d59267f7ef5edc87f56188b1883dff3265131e71,local-authority-eng:SAL
2492b8b210fa740b361120a88f233e154107867388d7babe220e78ba70816c0e,local-authority-eng:NNO
249bd4539af3de697b67c21c617cc4e7638c7925e5231f652ae3163145197fa7,local-authority-eng:LCE
24c3933dbc8d9c4bb0b7694ecd0d0c08c9cf02d2357fe41a258d471449b4cf87,local-authority-eng:TAN
24c96d2f4f5dd16c24a94b871f6660752c8be5d26b88a615d88b78aa93c1c840,local-authority-eng:BDF
24debc8763d023064d3a96633e3386f410808691bf2b133a9085b8112b8601e1,local-authority-eng:SOS
25698f7239942c7fff6a06f0068f80355a777a93792673cbf579038f60ca58e8,local-authority-eng:STF
25899717bbbe2c67b0dd9680843c90ef884872b870c8f6898e8f63e3417833cc,local-authority-eng:FYL
26baa09a59697af0978875e10a188bf776b1ae83d456fa1b52de528911e951fc,local-authority-eng:GOS
26ed7ad003da61c66f9656ba61750b14a53b3ac74a1865bfd88a92fa9af333d6,local-authority-eng:CHR
2744e87707f262ad817c0f46e8aefe82b27b4448d7140662d459e0914df4f298,local-authority-eng:SLF
27a9d8ef8f0ef8e8e8a26b0d285b1d44ec4c8c4c92e213be9a371845ecaf3f56,local-authority-eng:HRY
27b7986f654a8307c17416ad8e4b56d09996fd34634dd09da7964e09e5d469b5,local-authority-eng:CRY
28301d1226724ed43569e8221068c21392916e3bfda8a95312fbcf1a31b58dfe,local-authority-eng:WOX
285ff71c107a299fd985134c2103f7a41aab83471917a96afd1692580754f70e,local-authority-eng:SWD
287dadcc84d7f96357b1b74e11973557e03e5eea8f733fc5140c28d62cb655a8,local-authority-eng:ROT
28b02b97ce6edc4d3a8f339461cb1ab490952f87fd30080c75ea9fc74831192c,local-authority-eng:WOC
28c28ebe331fee574ab9f289b9b619378e98f7e716065e79134ead65ac5db405,local-authority-eng:FOR
28c28ebe331fee574ab9f289b9b619378e98f7e716065e79134ead65ac5db405,local-authority-eng:SED
2901bdeb770dc9f08a0da55a2dbd748409e737cb62ce25e79f82f16695c0e3cb,local-authority-eng:BOT
297ded6fa94fe4932f6f14efdbb87dc1e458c61f1c9c471fe42e92dbc438e516,local-authority-eng:GED
2a0d3b12932692bdea006a8c4a7e5c3af5bec5052f215ea031824611b9b8a7ae,local-authority-eng:NHE
2a5c5ec6818d6dd622d725e7e084f549c4e64e67a5dfed261d3b95c24c99b47e,local-authority-eng:PRE
2a784654a3f6aedff7b36d3cdcfe09c07f134aaeb6cca6e3d6e7aa900a82cc9c,local-authority-eng:EHE
2aac41f6ec077bba34d370ad012812f560b04723a8e2be530e421a6c830e4e58,local-authority-eng:GLO
2ab45c3f24d1d347bb32aebb4f1511da81bb16e2a169443387ee7fecdd0af4c0,local-authority-eng:WBK
2b322b4b6c8910413af8eafd3f50e3dd972d7205502038bc0a7e70f50db92323,local-authority-eng:MIK
2c29727a98d83143c33b69b4a2f8513c905a35e771745c26138fe2260ba3922d,local-authority-eng:RUN
2c613c724a78e9d170f23160f09c7d00005a8d1b5fd7fd8dd6c1b70ab5ffb49d,local-authority-eng:TEI
2c7285311a2e8c5ab88ae7bf275a7499cce18cc4fb4177e0faac4f7d2df41259,local-authority-eng:WDO
2cab47d0057c6896ff823a3a92e27acd02b78932280ce8916079c1b001da9de9,local-authority-eng:EPS
2cb84726eaa8655c6f8a313640cc10f320f84ea8ada66876e2dbf6fb950089d1,local-authority-eng:HEF
2cc6c5bd597e1aff4d6b5db419ec54ece5ee870f9c4b251056655b5be2fc86a3,local-authority-eng:WEL
2d352053538d1edb187630a53fa1f23a9b86e2f85ec512e4046f60176fe5df88,local-authority-eng:BBD
2d537016a9765eaf9d7790b3be27c495ef9970ee42ae624c4149ce6e9eb6ba86,national-park-authority:Q72617158
2d910b7c3c7e1f87b2662f644863d66e52f0c80166d9304187491ea2e6f43643,local-authority-eng:TEI
2eab02adea26a996693d2098bc91138c34ea5acc48e404991a82b39016a58b28,local-authority-eng:COL
2ed708cff8a7b757eb3d8a7decfa5712fb3e7e375c623ac314eb6eb25d034822,local-authority-eng:NLN
2ed96734ddeaeb594fdbbb6461659a8dedd256d486164b1b56c2088613b395fe,local-authority-eng:CHT
2ef4e42d7e4d6124010ed891ecf89cc131f7f9098abbf63f332808ee71549b9b,local-authority-eng:CAB
2f20fc006c85682cfabb883ca81172e881ae96b9f6f5a45ebd1f61f40c0ae530,local-authority-eng:SHE
2f3a523d8b835409f6215b9a73855f793eceb19af595171be73cad9692c2bcb0,local-authority-eng:RIC
2fc9a0b88861aa02584f2b90292bff7e1ccba9d420ef082341081eca59f3e384,local-authority-eng:YOR
2feb81f60fbda862682ee51eedc91b659917b5828aafb4c3166047cabb797c80,local-authority-eng:BST
305a1c6a1b62c815468a684388744703eef4266317eb317b17a9505746d51bc0,local-authority-eng:WDE
30b94b097f288a5f2df6ad2cae6fa403a5599e39bece5334b370b424561eabe7,local-authority-eng:WOI
30f98b7dfaa4a80fd9486f3f587de9ea266b881e990de20d729af86bcbbc8878,local-authority-eng:SGC
3106ba8d16954b9e21a902c13a49046a0b2d37e4a8135c6514dce4739a4108d7,local-authority-eng:ADU
3106ba8d16954b9e21a902c13a49046a0b2d37e4a8135c6514dce4739a4108d7,local-authority-eng:WOT
3109a947e52e664a7394718532756e06dec1c1735b33fc35d4c8760de08f376e,local-authority-eng:HCK
3113804a57d33834a8252682098ed73645ba392530a6e795db17fee93c912224,local-authority-eng:WEA
3134e888f9a87b85b1d3d9304d879623c68022d65b6d95a98044dc6e9cba2c57,local-authority-eng:HAE
316fa7fae2f366aaacae9c79a508203a38a1b6c13bab79a49492bbc2b346d23f,local-authority-eng:TOB
31776a19e37f9132580e9db51428d75131183b5d0bc391495dd4bd14974d73da,national-park-authority:Q27178932
31881b6f74d09d38d05526346c4448857b8609d433bd52e034d882bc6a0fbff5,local-authority-eng:EDN
3198d071873720b401c9a37ce0f9ae2c450736af0dd316ee89e1e8c7db38fc1a,local-authority-eng:BAB
32589b83428be50b00e837a32032219201ae8f55ae5327d46b9b3c82feb7bc59,local-authority-eng:OXO
32c99b76fe0a4d0074672adc8596bdd05155f9e60949b7d4979c3ef749b01770,local-authority-eng:ASF
33100a11d79dbf9a721cd18c1ba4ad154688b6fce319a45d831c26a5ff5a601c,local-authority-eng:CAT
33a38f23280656d5fa7d7c6e6c8d719370c55a1c3d20bc9f0351160f80ed7250,national-park-authority:Q72617669
340e2d2dfd2d5043cf115f41ec5a73b95f8c543bad7adb45d438ec233f78ace0,local-authority-eng:CHW
341f7d137e678ab7c44a8d651d9bb50797d1b8e6bffbf802063fc7a35c96476a,local-authority-eng:NSM
3462faf90f6f27e3e67bdb24a609b02014166c535e208aa0a701b32e0d6265a0,local-authority-eng:NTY
34c0d25c41e58712f10cd1a7fcdc4b08bbed52cf2d48917e5d66c15af3637459,local-authority-eng:BPL
350ee2c375de9328392a11595eec34a2579933879c39a2371c0f6b4699dd7111,local-authority-eng:DOV
35b86eb5b29d7de1a9879e0bf4748aff2fbd806142408748fc6aea52db38197b,local-authority-eng:WFT
35ef8520652b4e541aa97ea4bf08a9a6c293f3f268e46361f2c69c9943122e93,local-authority-eng:HOR
361197b5ac1a4b74199cc9f8b13a246a86f2db732ceec2d441d80579a9351541,local-authority-eng:RCC
3627588c16ca74108988817d2dc0253a7d641b1f64932eb06cba5799e9f763dd,local-authority-eng:SHF
36440d2479b935805c1d13fcb46b78968ba968c959b9e7d465fa4c95b9d04c01,local-authority-eng:KIR
366917eed36250b071041a6b3a089337c504991aa789cd5f48e497b0134d94c0,local-authority-eng:MAS
36c1c91ee6ec46da952246ce66916adf3200f7b14d42f5a0814948177b84dde4,local-authority-eng:WYE
36d14b675eb92a764f9229332ff895375afe9e2093f5e9dc83404afd7258d3bb,local-authority-eng:LCR
36deb35dd1a5bb5205fbdb8429b987d14c15d6ef21bfae42df54d1811db9a2d6,local-authority-eng:NKE
3715a13460e4e586d294e64ae460e0676cdbd9a7bed53c2fc1ee3337a527472f,local-authority-eng:SHR
37d3e154b2cf573e8e231e600b13aca8cbb756931349a9d587929cdcca001508,local-authority-eng:DAR
3869f68ed9e84913c8a8e7372b119e341614bfd9c073ce9b5cedab7e3e54bc1d,local-authority-eng:ENF
39c3d4022b99fbd6db2aed04c7a48eb1db6f8d30a9da7bcf91a6c5f680dfdd0f,local-authority-eng:SBU
3a458f58528d13af08cc342933943fd04cee1cc2a437a2140bcb612898243188,local-authority-eng:BRO
3a988151ff87d77e85d89f6a9b59b7a3ebd280dbb8745b68d91afa61f9a67c0f,local-authority-eng:LEW
3af97effd69f3f6c09be41d35c5e92ce45c016de0a0896b193e6d57132e98481,local-authority-eng:EAL
3b59c6f8753167a096ab898e9478aabd81b57301f71a776b02affc4f75241787,local-authority-eng:SHO
3c3153867bbdd0707899f4f666fb35ba83beda1a026841cccdc86d8c88b3f6f5,local-authority-eng:BEX
3c70fd11b0f1268994f900a661d797a8b993badb6d3631d0b3e15a72f27c03d8,local-authority-eng:BNH
3ce79f4a9e710525d0f7ba4d645ca292c7a0e1d2914bca20e2f2a835381338e3,local-authority-eng:SGC
3d0fc00839d1630e709568ab2a945f750464c3b393c1a4092fce93e21bd0650c,local-authority-eng:RIH
3d3635e0cde95f5ed70571ffcf048d6bd6472e84a03a9fdcb0d52bedbad39c6d,local-authority-eng:STF
3d45436706b103989274406f94a45c773754d3298cd380421f982574cec875a1,local-authority-eng:EHA
3dfd456d9410546a866b1a722b69d764a30a3094e1a499aee035538c50010c22,local-authority-eng:BNH
3e124ee1c24dc6e3a28c441a451b9cefc35b56f36750cfe03be09f62acb7af2e,national-park-authority:Q72617669
3e1791257805fba309a283f34c1ad01dcfb3ff2e23fa3993fa84b77f237d5b1c,local-authority-eng:CAT
3ecadb00c5e3bc33f574ee93f483a5390bacc15971ad119e3bc1a4f311f75786,local-authority-eng:SPE
3f03d9855f94cc6a78206468b67d49f43672862be56a1d87b53f3c5cf1b19ceb,local-authority-eng:NBL
402b7730d4c43b17c792a2b8ce91bc140ae377918f17f994171956a1d34c1bfb,local-authority-eng:SLG
4070ac699a308175e444d35d9ae27717ab84fb1d1a74be8756d007985ed1183e,local-authority-eng:SCE
40b977e067eb869c0be68682b0b83a865ca66acc79fab834ccc8a2ed4c9be981,local-authority-eng:CHN
40be6c0f029b6ee0d828b8e42a2c02ce8570c4b986f05ceaeb382ca016693849,local-authority-eng:MOL
413cc9232f70a74c5aa410c80082c913b3184e14738e19490bd4d8c5164aeaee,local-authority-eng:MAV
415ba000376d225d51c35b3696967f02bcaeb60a6d7723542b9d171c4e321c40,local-authority-eng:CON
417337af37280128db6577d756c273f3d9ded027b2b247a1b40159f635170e0c,local-authority-eng:IPS
41c6f5b8827fbd4a23949e9a354c5d527b14b978734e7af3c858ae9df840719d,local-authority-eng:BIR
41d526c519c8a055213b346ab78ff3e074fb1956c758b17d3d61dbcd4ece8a3c,local-authority-eng:TUN
41e36be4938cd04e20058823a88e612e6ed9414c12d8ddbe6c966d92057efc6e,local-authority-eng:GRE
42038101dc39ca014d57263eb2c4485ce01230b60063ae01abb3dc5b21154934,local-authority-eng:AYL
421cc4d3b8a060560139bbcede1787693ad9fbb503f0a954876ec41317714d98,local-authority-eng:ARU
42204d046bd7ee68b0dc2e5a1045d830dc2f07eb346b80f14c116651636e283a,local-authority-eng:KWL
4258c4f0f546a6616a1630ef113d6f7b48949bed33c84510908e2dc642bffe34,local-authority-eng:SSO
425a3e0cf53ef4980e9c133f850a6e9e1a34cfd2e444e4723a96cd3770e08a66,local-authority-eng:YOR
426e75c59757d4d92f7a524479b3ae6a021106adc8dd3ec7cba1e36c1529487b,local-authority-eng:TFW
428f89fa641511c888eaef452568a7798d708fe50ccb4116fcc62c827cfc3b28,local-authority-eng:NGM
42fd8dcfa6c5ffb048a87d429abf1db1f45b99cc1fa3f861a62a5bc306af340c,local-authority-eng:STT
4389808f9212081314f3835ec232af2bde804e431e2b788201e9a233fd74f4c3,local-authority-eng:SHA
43dcf4673daf4d72b38a6057f3faac8826c6293eaf746c03936073ec09935473,local-authority-eng:STN
44348b0a10e308069c220fa7e0eed48e0331e83cc9f4d2e285cffb2aca40bedc,local-authority-eng:WDE
44ad0c869f3d60766debbca3b07f19b7fa4daf824d7a4030d3fbad256a21ea67,local-authority-eng:BRA
4583e9bee7aee3e192783ce85a84a0ae34dc6f1aacaa22edf50913e4d2b3f555,local-authority-eng:TAU
4584b79ce64fdf40efcdb17f858feed5a30e52bd52f4f1e9496996ca9a9c30f5,local-authority-eng:ROT
45c9e1bac616b6a00a28ac60166aa05f126fe4de56cb4b333b02b73da3f1fc79,local-authority-eng:BRC
45df775f0866adafe06d52e301853188aa897dc96e12a177213aa609b7e7fa53,local-authority-eng:EAT
45ffcd5fbccd06e8881c5f77d4bad5e8c2e9f00287049e7039423a765b5490ee,local-authority-eng:TEN
466796e9f6e18591dead03d9e7836e02d6494ec1a5ac9e079f5cc7e1a7dfdc9e,local-authority-eng:WYO
4726332e73260e4f777fc182f545d16725613574d1c46c13722ffc66dac00350,local-authority-eng:BPL
474cf5e496eec47aab8d950b669d9d4f2358a0b618744b77e30474c8516e804e,local-authority-eng:EXE
474d3b0aa57e82ff29965ad43a6ae79fc7a1a2fdf75e9f48eca855fa4c172674,local-authority-eng:LAC
483fc2cbbec9d5a02db17584b7fcfec977b691b9432e1345aec316c1698babcb,local-authority-eng:WLV
484f9a9b0b6c2fd6fb5f5150b9534df9caa4be31a781ad2facfdb044e518fab0,local-authority-eng:WNM
48b44cd7af3b861361c22a90c915c6c87a0c768531fd1b266c2e5654556f6f42,local-authority-eng:WIN
48c44e4e95f152bf0491815559074b88cdac7a16015215e417d01523c09d9ce7,local-authority-eng:NOR
48c779086e2385b26ad81b2018733a1b63a72385229133dd703a4994a341eaf1,local-authority-eng:NHE
493b06233813cc4fe054478d35a81a4f8480cf6d8929cf06471116af8ff892df,local-authority-eng:NOR
4a06bce8bfe7acd929b0bdd2ac601c2cbdd6919ea432e1e53b31885c3eaf7066,local-authority-eng:MAN
4a3653feb31a1dcb228a115dde5e72abb05f157120439b2f70fe58963eaaac20,local-authority-eng:MAS
4a3e70f939f974b14253d625c2f00234c21cee8458033da43e291b20c82464b7,local-authority-eng:DNC
4a8168df59ccaf51172aefc70546a10d37ac8aee4cdd98ad0a7ff0011db0d0de,local-authority-eng:WND
4aaeb58adf8061e1954a1f7faa88bb6fff36ff3912e9208828ec23ae1dd2e897,local-authority-eng:BNE
4addebbee6965f941ef1bbbfe240294e11829fd19075037f213483eeebf5a9fc,local-authority-eng:RUH
4b132cfbf2bd86472fb5443af03a897e4b7343b3aede3ca8b320668d0c620a19,local-authority-eng:TEW
4b3325f4f39a1a7ac2161329eb58a34178c91b5e32d402b8310692eec48fe85a,local-authority-eng:LEE
4b6ea71c173e6b5225b4ceebfa52d1dce369e2bd85e7feac83a7d4e2513690ab,local-authority-eng:WLV
4b91854cb5a6546ec865a00e646f14fcf979a383914e324dcdf40a5893a2fc77,local-authority-eng:GLO
4b97c57943abdeeb27f3a4f44e8536dc9a697e0b63ae098855691772196523f3,local-authority-eng:LIC
4b9a20e2c84fddd46d326b49cecece2a002cd85ab6df432fd985795d51f486c5,local-authority-eng:RCC
4b9c39945acca38052aecfdf4fa53465883cd8ff23ed052d64262ad3a96da331,local-authority-eng:ROH
4c238528f325bcca9a03697583d9f39a91ecf1ec1ecb66e92cafd5b4c044d8c0,development-corporation:Q6670544
4c4ee2d4c716f50a31c7a0650b8e00ad70d96234c6a157c34e81c357df314a65,local-authority-eng:LEW
4cdc6f2241171509157b09531609bf69e42339fcda094d1032d9cb5f13550854,local-authority-eng:SHA
4cdf6c2b4debfee964fab04c2607c7c70b7200ca3c8d597f03db2ec93d653e71,local-authority-eng:MRT
4cf51a2486a953bd9ce4dd6b09fd9678a7386ea31915a01a0e0326eb353c9dc9,local-authority-eng:NNO
4d3c23d2168af3ea021e48e7d89eeaf40eb81698e1b57c0391123ecc91f77d9f,local-authority-eng:HAS
4d52c3bba39d8946fa880a6c81b32004af4234027926b891a64bc540bf1719c0,local-authority-eng:ARU
4d58e8ec4f1d06a475cc9798245239470c1364abb1945a1da90083d673da6c62,local-authority-eng:LUT
4db49a6877becb75e294dab75d60d11e4b1db93244d8e82b11c2512d04bd229c,local-authority-eng:TAM
4e28e7e6658f213da621f843753a1037bd584d2fa3e5a11d2d2dc02d0e0619f3,local-authority-eng:WDO
4e28e7e6658f213da621f843753a1037bd584d2fa3e5a11d2d2dc02d0e0619f3,local-authority-eng:WEY
4e64ce2b041bf35fd0368226ff323579ec85b031e8adb6356bbcf364d339f2ed,local-authority-eng:TES
4e83e382960083f7a117a41d19cb73b978d8d60e0bd1d0d8a280e183d95e0bcb,local-authority-eng:HIG
4ec57eaec0f01f0289defe7a8c22eff455df88ef72ee3ebc754d3accb177fde5,local-authority-eng:SCE
4eea0bf8a68d2619dfa1cfe867c8398ae15725524cf265a9ac55dc0bd4bab47c,local-authority-eng:WIL
4f7f4d18b543d1be54691efea8c449f8ec0f2aed498789d199b37a5b70004c4e,local-authority-eng:RUS
4fc4f068b25e39b5b116cf9493b59a0c1b2eb39b349d997668800399dc8611c4,local-authority-eng:GRY
504fb004b5944620057e49fefddf5e2c0f636c3ebc003478b04edc84fdc19433,local-authority-eng:WAV
50eff31398a7d03cdbe10fad8d4bfd1ff446d30f3a6e4fe70a4375aeb5eb883d,local-authority-eng:KWL
51084f382a1e26712441d555d560d2cb4815863c53a6248f00fdbc967857f8e6,local-authority-eng:CBF
512cfbf557558203d0012e1d95388bb01d30edd9b616727147d797d47782d0cc,local-authority-eng:BPL
523ddd28fa3ba054c9173e60294de89f0afa5e5d1617ce7a5617cf2ad6bd62b3,local-authority-eng:SWL
526a452264213e2ab071c9adf5840847c5420bb0b419c10b836eca987e503d82,local-authority-eng:TEI
5341f2a87f6fffded8777a16b607bf2cf7f31e7a13ac74380d6fb0afc4156ca3,local-authority-eng:STO
535211a9c9b5e9824bacb70ed61c38dedf4b95efc2f9a5c0a196f5fcfc5953cf,local-authority-eng:SRI
5371438414e294028c64235ae437ac5c5801917b770cf61c08da977b67ea0aa9,local-authority-eng:SLA
53862e51660e3525fdc167cd4540dcad5e0aea9423419c18eb10d1d84b320ba7,local-authority-eng:SDE
53b0c287511a132ea91b742571b178f3adb7d592c2ffd471a94b3f878e79d0f0,local-authority-eng:MIK
54ac12bc2c4cb840b36ecd8f1bc6b82812bad2f5f5460213759b709b5e4f479d,local-authority-eng:CBF
55018eb27d5d2a0d3d162c506d12daf187c719cd1ec684dea50989d9785e1855,local-authority-eng:IOW
5516507edfe865ae0f28f0f5ee2dc60d35a883fb7455e24b6c3c1f871446e322,local-authority-eng:SNR
5541b4d9aa4bf5446407e044af86f897f3242d7f4ea85bd6ab848e21f71bd7cf,local-authority-eng:VAL
55aa04ab4000287d8d00bc1226e28e079304721d8b5ab8c3c194f927b09c7286,local-authority-eng:GRT
560d9611860046e86e142c95bf632c39b28f67e03bbd9ec29c62b862617af2da,local-authority-eng:WRL
567cc8b567f998f53296b08a562bc6e890e60633df2f02f29561eebe4905f1e1,local-authority-eng:THA
568d724760d2f6073011747205487432ce8b860dddadd276f02c4058f12c317f,local-authority-eng:LCE
56c42cf7cdd8b4fdec32cc9a62822ea477e7b12171729109ac64d1cb299e109d,local-authority-eng:CMD
56ea9f3838db52d7ecb031e8e79181012d744e66ce8349e460c1dc3f237cefb3,local-authority-eng:AYL
5741717a7fca83081eecdd54dc1b8ceae275e1e20a2414642348da2e968b308d,local-authority-eng:NTY
577e562834f8cf02599c7f3cdae3885e4e4d88dd5a7949cec94516b5b71d26de,local-authority-eng:CRW
57860902e7261ffd253951d013a5e20e8d56c6bde9b52cf3e2693d60cceafacb,local-authority-eng:THR
57a66306e0ce5945fc2fd5fe7162d96369425c49a6d40f41ed81d3f99773e37f,local-authority-eng:BRY
587a2a11dbce71269f6c349b379495b485b1f14379e4d3d3417a955326b19451,local-authority-eng:HRW
58a42ab25e8f24f7dd80b3f0da920be961950bb45442f10feecc42fa73c404eb,development-corporation:Q6670544
58a8a1753076006a9f60583aefc06cc1b7a6e4455819bf741425b14767d11f8b,local-authority-eng:NED
5a0fcb2fdbe9d6f407b554642ab661a897a02c7a9e068ad2f1c8cf45f16fbce9,local-authority-eng:ALL
5a5c4b1fd3d506ecdba5d06a5e47e49ba01e1ec5031c5bb36ad7a06b67968fc8,local-authority-eng:SLF
5a68e731f8b3d187a758cebca70b24ad893cd448336eaf22c6c3d8f0ad8cea90,local-authority-eng:NDO
5aa1392a00c75b2881d26da1372056f68499bc3319506339d95ab86e4409a537,local-authority-eng:POR
5aa7ccd23c0e5ecc2d3b95b414afb5566a2413e6eff8a0f1ef1230656b23acae,local-authority-eng:TRF
5af1473921e763dfd344b1206e63e76bce49c181122794eac79d2cd7a0b9bde4,local-authority-eng:STR
5b8de013f5352b00863e2b8cf96bdbecd89d1f90df8d85593fca92b6ab4739b8,local-authority-eng:SCE
5b9f43a6eb163fe41888f208f30480cab5d19a6632b94f3b2bbf40670953a0ac,local-authority-eng:BOT
5bde6d1e99b71361d2390353aca4951a9a90bedbb8b521846513b43793f428e5,local-authority-eng:TOB
5c075bb66a8fef9b2c4cdfa8470ca0072b5c03eeeef51d7c40e0e29093ab452b,local-authority-eng:THE
5c26f46baecfd66f640724006a2ded9fe3af684daf07a5cb1f601a5d7542c6d4,local-authority-eng:MOL
5c3254f517abe995dc9c788723d12c4f8dce5c3323770839ca44dad16db37b3f,local-authority-eng:SRI
5c7661c6aa6affac26b051cbab4fe2a2e40ed018b6a98b8f36fb179198e472e1,local-authority-eng:GLO
5c78744792ccda9229696b2770a4ffe0d816ce94e56d2f57929765abc0fb27a1,local-authority-eng:SEL
5cbec1c2dc29ab2db556d68c07c925963353c687a1caa0f887ede2f6075dfd57,local-authority-eng:BRM
5cce3d3acef75db981e5cd57e7078d525d04ad504b54ba39306dfd69ee86eba7,local-authority-eng:WFT
5d30aee8c82e775dd4be67dd417bf782b33de8522edc1e9bd45c28d26e27ae49,development-corporation:Q20648596
5d4a27b0b697b20644346001ea8a10202941961989ea2b279466a7676930d24a,local-authority-eng:NOR
5d749382304f2ca95183370e18dec905fb2806a0103853161699bed7d8d471a9,local-authority-eng:LEE
5d7ed2103662e25cb5a0a5ef4de9341188d131a09e5d8ad15cdf827c85bc841b,local-authority-eng:GLO
5d86792e0f5fe59c08beec34a2aec7c80b6cd69313c98e22026bcc8447ad66b0,local-authority-eng:MDB
5d8dc1762636b035e62d703a4d5c58c3afd47f9c2bb99ed5d566c0b1b7c4a2d2,local-authority-eng:SHE
5da90f68b6c33afebaa28e9b90343c3843ae2043c9137ba32252c0aab6c5c096,local-authority-eng:ROH
5e25c6ff37775dfe1d4b5392ef10a84320f6bc142ca1d8ffb571f39fa5a7e5db,national-park-authority:Q27178932
5e6734216b113232b420a0a1be842a732150f1267b544a492a0bde987f49e5cc,local-authority-eng:SFT
5e7de1fc7e308b2bc4c8d8f5eb3719a96f77c554bb501afa87cd974225fa927b,local-authority-eng:DAC
5e897158f3f92c96942c7da96e56c3b70c08367eaeb78d0b018ab1db87b9093a,local-authority-eng:KEC
5f1e1d4206c167d3721c64d0c1ce9c3e8eb1b49e676670f5ff8f19198b194c0e,local-authority-eng:BAR
5f600c521173794e63ed8a5725971eae6aec3790ea3ce25737d056650ea3b8ce,local-authority-eng:FOE
5fafa7be4086a8ceec24cdb8c8cc9773777d1ce901bad20483f0c24e770f40aa,local-authority-eng:WLL
5fdd17e32ab41de6f633d762cfbb4a6a24f467194592477eb6f631d56e9641b4,local-authority-eng:NUN
6008c5dd6292615222e82edf1c392a42a30d40401e9f3cb03781f02d62c59736,local-authority-eng:PTE
6015bd29bbe6f30a89c652e0506291bf7969137e71ac9a0360520485300883a3,local-authority-eng:CHE
604cdab40ced8b1d982fcbbe1a649db99bcc97a84d34f5771f6ad9d1b42d3dc0,local-authority-eng:BRD
605cf88aa50a8763fb1d114812aa8e71ac9bc05d65b463e577dc9f63cb2c1b5e,local-authority-eng:UTT
60b42f42b1b2bfa101fa5c5b97126ddae0741eb9ecbf916f47f6818310c1206d,local-authority-eng:TAW
60c81121e7c23ae53e04a570ae20a84c0c978d7e1371be68af14b8184a29b225,local-authority-eng:SLA
6122d30e30bc89af1551018a76f34a868cefabc8beff6f82454f7c171dbd14bd,local-authority-eng:CRY
61aaea147c209b5bc996905d5147753519741f057291242ac061cc98fded7496,local-authority-eng:HIL
61e2e0aeec968c3488b3bce8b1c54bff362cbb4c7b4e7f0ac3018143d0d2903f,local-authority-eng:EXE
62602294b4f4f77f8b25db64986ec4dfa3c19e4c0e2f1e8407aabba45a0effee,national-park-authority:Q72617669
62bd3f495b5f6484b15f042bba2870fe07c0f6b856c08b3485867d9ba1c3669e,local-authority-eng:HOR
62d33ba999c3ffc05a11c2165878ff6a3f9ad66c4eeb8f16b936fd156066225e,local-authority-eng:NDE
6345673a4fb50aa9b51d5a4a07b69e71c93e7977899910610fed3f7281798c5e,local-authority-eng:BRD
642ea5ab0b3e29bae4dfd27e1388079e5bfb1eff282e918ce3c700ac832c3bf9,local-authority-eng:UTT
649741abe4bb171f3c50d39ab7a506f43d043920e53dbd2676376c46fb72db4f,national-park-authority:Q4972284
64b13c5c09ae84cf87f082d71c98acf1b544ddd76d97198878baf8777bfbd10f,local-authority-eng:HAT
64bf376548868083ae5df39a1982049dc112bc7d79ebf4edfbaee1343b2c3281,local-authority-eng:TEW
655a6d55a2d4ff116b90e4d99679a2cc90b196ae53f050a8bd5e030e6c3c6f9a,local-authority-eng:BNE
65ca572de28d49312c025c733061caaf4341fd82f00e0db83b3d22d109a0cca7,local-authority-eng:BRW
660ed3b8f8bffe8a326dfb597ddce7a3b4c9b28a04fe78966c88bd59b65b1e1f,local-authority-eng:CAN
67874cad51d0eed5172653012364a72337cd09f15ae712f00e92a41f66176197,local-authority-eng:HAE
678e11cb7355f8328f3613421008b4bcd164ca49770ec6d94a2fe9565753b569,local-authority-eng:LEE
683bbfe014a1dae5e60f60bfd49564e2f154533c33c0a8d5ee9692da7a1504ea,local-authority-eng:CHR
687aab26f2ffbf2738a0b3abf3f164d0795ce933decb3298f696b35761681e36,national-park-authority:Q72617784
6917fb50e4ff7fa6ae817bb78baf532cef9f053f0ee4e1a4589d4b60a7565aa5,local-authority-eng:DUD
69a3311fc0618f57b83ce5ad87adb0299319025afd742c5c607b07d6ffd58930,local-authority-eng:LIF
69bb33e20f2b9a4f3b5eac2caf432769761ba8b468f2130b8f0b746a366289b5,local-authority-eng:GED
69cb19a12c57d575d309f692e20a390b36d0542129d113df99cdc861a712a71f,local-authority-eng:BAR
6a0476093fd0e738b17f74c9bea82c06c5012239c372e56436baf2af8b8d5771,local-authority-eng:EPP
6a074f40b3d96977b652bf714f965ba93a6198f1cb4fb8c39a6e1507a2894a2a,local-authority-eng:RCC
6a580504450916112b1b86147e663cbfae6f3829e9ce0412bf5d6f75ba1710fe,local-authority-eng:CHW
6a99ff9fdc39368183a58389401d08bdc75dee9a461bcaac8e81a9c335fbe1bd,local-authority-eng:BNE
6aa8f0e3cb4a35bc13f4dd8fb2803404a337bce31d6a0413c792c9120bf96f1e,local-authority-eng:WIN
6aaff7289b4e8add599540462712becdb1f33f6cb9a04884722cfc5cfbcc238d,local-authority-eng:ASH
6b00487d6258bffd58dc54266fbc8d2426b4b5551e5ceb702ca5018b61e525e8,local-authority-eng:BLA
6b8cd9620634b7ecbdaafa855857495a4128d936de4db643764801e30c1112ee,local-authority-eng:DER
6bbc08b0abf383c20717cab61794678497f60cceeafcfd87d49063a3b0243b59,local-authority-eng:TOR
6c6b1bc59e8583279ce990fb4e9bbcbf92eca0445799ab84be080a88d37ed6b3,local-authority-eng:RUH
6cf316548d7c6e836a0a0aaf0228abea13d27aa6467a6af1b54809fe14e68b49,local-authority-eng:RDG
6dc1bca21f4ce1f7ce239dc729073629115a42751f7de5e84015a21fe6c6dbc8,local-authority-eng:BUR
6e7b58b8aa1f6316113a8851c8cd27b6297f26ab452d0ae98e8f5232e4c1b89d,local-authority-eng:BMH
6eb2385ddd66412cfa46fc5fefd511a0eac1a6fe37ca12e0634f332f8fc93c2c,national-park-authority:Q5225646
6f56fd60e85c641c682f98d0e01a41fb1beebf3041c4f134f30158b4254af2f2,local-authority-eng:NOW
6fead59a814421d802b8d472c5516b9bfb4c818e91d5a89a5db4984862be0060,local-authority-eng:SGC
7103416a79ea9167bbd22962c7e78362f35c2c3895654a7bc1d14d35c211799d,local-authority-eng:POR
7107b081c265964dfe2340aeedef86838fe3be11571b2def6e1da946a086cd9d,local-authority-eng:BAN
71228cf3144a5f1484579202507a2cbab84d0f4f735403b3ab8e7c62f9c85a1a,local-authority-eng:WOX
720014c1d1f3458655c3c0dc004ae3c466e41195a19c3c229b44784fb92907c8,local-authority-eng:KWL
733e2a9821b8fbb87578e5f141bfa5b499db1edaf9fc4a9f323d4bcd41af11ad,local-authority-eng:STA
73e6ee4ac64471fdc773e08f3e8e50969407d7298b4337f83213cc4335b30f75,local-authority-eng:RUH
73edf35c07d3c10a22d9aac8de8b7b324d3b5bf84c7ea03c910c2238b9302f4b,local-authority-eng:WEW
73fdbd04ae303cc8771b02c6682c491bf8edf0f0b95ff832b7201f12e820d1e0,local-authority-eng:SND
743c2e629be0e5d3c5d1ad0fcda7f13e12c8c038ae99f1f90647901486fcf2d7,local-authority-eng:EST
7451034e6df7e2487eaa6f964c0a5f2cbef096cae1de506c2337f5ac102c88e0,local-authority-eng:ERE
74c7bf07392b0158a89b198d6fb3208bca1dc12f30cf096d82bd72b6a6e82135,local-authority-eng:ROS
75444a9527b33be535de7bdc278719e76727c87318a8d76b7ee830cf0bb5ad22,local-authority-eng:WOC
759797e1f89c7ae90208588941cfb97f36f72d5d2e3083744c818dd14ba93725,local-authority-eng:WAT
75c543f7f38cd5515206127dac8a7529f37b865de49d7319dacdf32e1622602c,local-authority-eng:BIR
7697d3567171f24e9485fa12aa80a3d9750457e8757c3dd6d10effed94536ae8,local-authority-eng:HNS
77613da4100efadbdc6eb213d7ecd0beda94d02852cab2a5bf85d99f7ba11ba8,local-authority-eng:THA
7789b9e59f24a4ca4e04da474d0ce73e2d0aff42febe9fa89401a8ff07a027dc,local-authority-eng:RIH
77b624e97bc09a1c9e0e605bb627aff3ee35651e7eb27ff4cddff4f7f7305db9,local-authority-eng:BRX
7867c9be8d2968316ef8c6a4a25748fa314a1a1dc9da20509bdd8fb489765dbf,local-authority-eng:SOL
78e64f6496412fa54b56c2989c8b00fa58e383f53f92458c1d56cf2a2f578019,local-authority-eng:NSM
7962d78bc896e6e70084aab163ce1475d6a1e6753b59cacffa814baf8e25dfde,local-authority-eng:THE
7966e3070f15e56949ccbbd06c85453e555cea48f3c8f59c57a55ec4c17e55d2,local-authority-eng:POL
79ab0f72bcfe4bf223c9d157504dff224377d3f779c83e9c450735525b476331,local-authority-eng:SNR
79d7404b98b7f46b719c5cae8d47f16ec446130dbae7a9ec35c40609b2038205,local-authority-eng:SST
7a054a3955508f1d1aaba03d8944132b3c2d190d7ea1f4249762938b6b7c99a0,local-authority-eng:HUN
7a0cd914e9242ffb452d9baf90762aefddc652b495a7674dfbcfd86a49da7eb3,local-authority-eng:WKF
7a82f65fd5b490982363f1f6e68f894d3fe550f7d32928e360933bfd6d4b84ac,local-authority-eng:NGM
7b058c17d448d6d1cc4d9fb4ba587592353a84b706963354b081cdd32492b8a7,local-authority-eng:MEL
7b49f79c2d2521ad0b75f70100bd7c55a970e509940df4fbbc3ae7a988c9fd4c,local-authority-eng:LIF
7b6a413b1c1018215fe400dae82e6366b80fb8f89c02402c7c7abe20cf746da4,local-authority-eng:WYO
7c3325de5bcc2f6c8b46aa03be1ba0b23186d4d65e3bd46c667112691f049bba,local-authority-eng:DUD
7c9a93e427aef9a4e0ea799c9cdea1bb148fef8d6d750a92ce6a27f84619d687,local-authority-eng:WLL
7cb487ccf2ee09fc0038ae377d0592f53745f4f18e63c9ae9799b7eda8389e0c,local-authority-eng:FEN
7df14c1993fe3ef6f971a0582ca9ad85f12ca4408720c70025b2d50f52f6dbf7,local-authority-eng:THR
7e6afc19848e7098988775c80b38189d943f30f1c1afa27f04d3a1b68158c0c9,local-authority-eng:MDW
7e7690617474d58f4cb271d66efbb3f802a71797c13011ac471fdd3f19c69d10,local-authority-eng:NTY
7e7e4dba9aab1cda7329507dd3859761b6bf4da3b9f14cb4a3f19826acdb11ed,local-authority-eng:SND
7ef68dd82ed3e53fbc01a3e7a6efa2bf8b7fa4d3ef1d6bbfab5120167a1b4ac9,local-authority-eng:KHL
7f0f4075868b9da3ea8d61629121f1ea0ff8efc00d4163bafe126b40b68d504c,local-authority-eng:MDE
7f97c023226f4c0f026c41204d544509dc3f62f703fa525250e07672d3a44f20,local-authority-eng:SKP
7fa52792a3041e5ae4225dc7047156ebb6aa3f3bd490e1d02c7d801b44190818,local-authority-eng:BRD
7fb2b004359fb6750e850214a9bf112afecc287ad175db90e6eddab02e9b9655,local-authority-eng:PRE
7fe8c2465e7389ad159bb6a73b3374c2d610c8a50afd0d5494adc68d3f416228,local-authority-eng:MAL
80006946b17efadd28ba6d09a5886d01a6c773a5f119ba6872666374e6e5f5a7,local-authority-eng:WYE
8006f0d83a1e169a95aafa370067e9f042bcca06e3d0665eedc42ca402f7e729,local-authority-eng:BEN
80822c71cc140b7be86bf9707046b799931b3cdbe851e0857c6c5a3ecbcf4208,local-authority-eng:WKF
816ad458c39a6ac68784c0c724def761287e4ac4375d0ceb4097e7ce4e553f96,local-authority-eng:BDF
8192467350b3e9a7f223a6cea958ba0f7434231151d704e102ffe6ac5b68d042,local-authority-eng:RED
81994249307732cbfd90e357d7e5bb158b527ad3ddc2936d0165ebf83da77ea9,local-authority-eng:STV
821ef08fb55b1aed9b69ac56b0ecb65386fe1e2b0d3093956ac01953339ad1e8,local-authority-eng:BRA
82a02988c312d2c6612f08bc36415b286ee0f32362bd1f79ebbe3d4aa3bbc3c9,local-authority-eng:SEV
82a47f27098751444f9d70887f82a65376c081de55938943008c308d5c962985,local-authority-eng:ESK
82a47f27098751444f9d70887f82a65376c081de55938943008c308d5c962985,local-authority-eng:SUF
832884073ff64bd5b6e63e93b72dc51370108db3f9cde095fbffa7426200e7bf,local-authority-eng:ENF
83913aaa37790f946a375c1a10834253daf722d6044bfe2979f8487eca92f78c,local-authority-eng:CHC
83fbc05be19792085df80d2d1ca5884f203e16f9b78c9e3b76f61b04c2483992,local-authority-eng:DNC
8417e95dd1c7e4b23ea89532c4e28428beebd763d7e3da9918a54e5a4600db5d,local-authority-eng:WLI
841f78069615c1a85d3cd75216d9b5641a75c35719f7c99e0f5080c49cd422c0,local-authority-eng:NEL
8442ea7656ee02251aa1a837b7d3b16a80999b6b66aa61f5972e2129613e593b,local-authority-eng:BOS
84b6aa9eb67603b9609cb4f059a993f1dbd09eb66a7719896facb3b533de023d,local-authority-eng:COV
84ceb3869c2bc2ba67419d14c9a1dc5b83ce13bffaf27aa39fa519693a6eb723,local-authority-eng:COT
84db52fb7ee590b7512e862246c35766f7164ec438abb90980b5ef9ed471b75a,local-authority-eng:WRL
850ec49276c9c5695cd550fd79c29254815f51d0e57826e81181321a0c498c3d,local-authority-eng:NSM
8564ede773421b952fb756d4b269811ec2fab780b68c6bc00ab931db134a610c,local-authority-eng:KIR
859c67cabb75140743c6a268e82f9ccec52c4f339e38291d49a365149a09201a,local-authority-eng:ROS
86395b880ecc42f2935b00de3afe7f252ae77d075b457622b9ec83453fa15b4c,local-authority-eng:EPP
86d8a69e1fb3428e10f6eddfa983b5be1fa7f92e1de62f78d6541fcc29e471ba,local-authority-eng:HAS
86fe71308d7cc6075a6740cb5f79393241bebcfa17d36e46ebb65e2b83d68ceb,local-authority-eng:WLL
86ff4b7dd83348a952c733539fc8bce10a6f7f3d31c15705a54858eeedaa3966,local-authority-eng:GRE
872f2c86f56206a67111d099c5c95e611de71f6b1437ef1b498fbcbc97ade4a2,local-authority-eng:SCA
87aca830867d8b907b12a22d20493c422c2654d56de010a9276e8ea0e15e2931,local-authority-eng:MDE
87c8f1d68e5e206c8a6670f0034772f962ad94926067c513bf80358f8d32553b,local-authority-eng:CRA
87d3ca938a3176707eea3e50855a32b3be613b84015e7f39f92f2284d7e1668d,local-authority-eng:HRY
87f2583f9562c85268d236c150dcbb9da3b373fdb28dab813aec7dbad3dedf3d,local-authority-eng:ADU
87f2583f9562c85268d236c150dcbb9da3b373fdb28dab813aec7dbad3dedf3d,local-authority-eng:WOT
88a9d07ed9c40a81b1bc3a47ce95d7dd28408c33a662a71489382225a8064073,local-authority-eng:HAG
88ba683e195fbb2ea4f078deab58f109abfad68249d94cbfd5bcb5b695d81d2d,local-authority-eng:EAS
88ca5357d21eff6b3cfb3fa0603f392147e687dc386f1e3cd81268e4ab0ee68c,local-authority-eng:BAR
88d748c7e8cda451852d1d930d8dcee755e74943d34942ae83e6766c43b31ecb,local-authority-eng:GED
890e184530f5e904fafb73802ff125fc03f099d03123521a8e63afa2f32406c2,local-authority-eng:NDE
893d9d8e820947ecf0ee00f5630a43882741d4b36faa15d9973eb765e626c3cc,local-authority-eng:REI
894372afa5504706356dbe1d89867a6b8a2879639d0911ddda97162395b1c430,local-authority-eng:DAC
89ec7648162a9998d687234b25d7cfb9e9a3332714b906ca162e2b898ccc6497,local-authority-eng:LEE
8a09c267297ef5b1114ec9d887b5ae80dfb8c706043097bbbaed4cc94c893fc7,local-authority-eng:GRA
8a1dc199bcba78789a3e43b193d9a50eb9bd5da55770e5bfcbc2c33dc4118c6a,local-authority-eng:MAI
8a285f586db15391bb216bfb4719932fca27102ab9e7fa234b81b014c2df52ab,local-authority-eng:EDN
8ab220cb943c5d238a90e3072430c908f908e956a36878d9c88d24382deac4ae,local-authority-eng:WKF
8ae55973ba74b14a6ba7e45da2c94bb17f0c9d16f0f76dd37402220e15e25933,local-authority-eng:ROS
8b36bcac081e6910e26430c49a1337c90fc7e3666e92ff6217675e73f677bce4,local-authority-eng:HOR
8b94ae1f1a606934856ea445f643486d4b67816b3a4f88d8f02f5c5beb8b65cf,local-authority-eng:HAG
8c46f3bfdb1ada2f16f769e164b41853ce47d85e5c1d76ae6ee04b21d262364c,local-authority-eng:BRT
8c70bcbdfe016546712d5d5edcd05df989589c243a98757c6b6fdd6b4f69034c,local-authority-eng:WYC
8c72913acc099caaf84aa702308b5bb3e3ba45e29e20ff60b3be862271ce047c,local-authority-eng:WIN
8cc113829307e7b0c0d4592fe2bfacdf34fe291b95d3006e6d43e675d8be2b24,local-authority-eng:PUR
8cd330cbc4f60139aafcc5133dd44f07ca293cbfb94b797cd55159d3bda5e6da,local-authority-eng:WEA
8d140601b6cd1fc2eac1abb837b4477f6dba4e56c9fd0f4406fe6b6596052f46,local-authority-eng:NEL
8d479b489eff1f39560ce006228840b1bfdc5073d156addac93116b6a95fa497,local-authority-eng:WLA
8dc9c62d8097fe41c2ea1b4bc667171784a84788df3677be0c59c0521fbf3ff7,local-authority-eng:SNO
8dee6e8aa448c10a76efe73ba77ef6721ab93361e70afecb4a55c8a8872b9509,local-authority-eng:BAR
8e2e70013cbbb8ad0a1e7009ee7f31bf85d905f391d82fffc90b33d4b7a8aded,local-authority-eng:PLY
8e6fdc4849d27d76f5d375b7223dcb4feca843772b24cd50851462df3d20baff,local-authority-eng:RCH
8e73e1d276728f6646faa15bf79328bfa19c09d84c50a2374d34d1a3c8ca3355,local-authority-eng:CMD
8e7d32f41c68b65403cd69a880b43c4f4dccfde99b6b35bea80ad5f24d7a859c,local-authority-eng:BAN
8eba77c1d22c656106933ebd6b86b6db71d0a9c0338718d6709c69f6c85f7b78,local-authority-eng:BRO
8ed5b9277e312636b4516d8b373bc843f1c154345120b23cbf6ed4bf55ef55bd,local-authority-eng:CHO
8f562bd4a6668db0fe56f5b37bb4026e4765e5d590222613a6fec8e711fca7a0,local-authority-eng:HAG
8f7a6aff67dda3b18a0c20575b6448b6d42383ef8d149c1e95ff8c900a702069,local-authority-eng:HIN
8f93bbdbbe015247e2087c6745b9d32f32eb771f342fffb876fef3e0cf442e87,local-authority-eng:NDO
8f9778acfaacd44acb2e9c21f2ca9614bbf8239d3eae0e580d263cb14a59304a,local-authority-eng:KHL
8fcb091366e6c367e81d80fa5a10a3df2a8d1918577f9f3ae74819b74f87573c,local-authority-eng:WAW
8fe85852691ecbde2577c6dcb5430df6ba7e2f0d1ccefd86cc8b52b42116305a,local-authority-eng:BAR
8ff0018db498fb3ec3e75c0b8cd550dd32e59fdb31dd3b5ee8118ac88038f8ea,local-authority-eng:REI
902093818a3f82495d366f9724892e7c2748c2d843cc1a8e7bb30abc8afdd6e4,local-authority-eng:BRC
907361feb78b0a02b2a3b5d667dbd8e58c03cd666393e18b276deb84f4cf505c,local-authority-eng:FAR
90ceebf29a4b5bb583f20d55fc2b9dd28b34eb2c8deb456dfb5cf74434f16d5f,local-authority-eng:EDO
90f44961133cc290e2f97cf64817a6f21c5c7f4d6ad85a5a8cea95a2e91ca0bd,local-authority-eng:ROC
91965b113f2dc43172529d0ba4baf4ca32ee006a7423ec33f549739279837896,local-authority-eng:PLY
923aae6ddf82c61db9ec872488eb9ea2690e9a388b4061a358dc4b89811e8852,local-authority-eng:SAL
92a473a05e1f552165b2319caed1146bf12f8cb44cd336e5ccdf89db55b0cf6b,local-authority-eng:WRT
92def502a180fe1a604226d9032550cc2bd104df2e2bf6f373d6ea22bd2ac36f,local-authority-eng:SLG
92f274c8376574edd4878f854f55807527f7e40e890606803a2f1c4e7a63ceb5,local-authority-eng:LUT
932ee44929df1bf389210d7c0199f51ecc5d39bc2c57c8d117dd583ec9034828,local-authority-eng:GAT
93637c8577b688426506faed7b44f3606098544e7f58b9eb5fb48bc7af815407,local-authority-eng:CHS
944cbf2c4ea26ced18bd14478f65611302d7e22883a238b6954c141cba40d79d,local-authority-eng:WSO
9458c610122eef9a6ebbad9a67790023a49a11d91b16435d2ffe5fd89b2ff438,local-authority-eng:EDE
94753774413ca9b612c348dd66ae7625c0ccf9080a982676e218a4c3be91fe4a,local-authority-eng:ELM
948f012fb683a258df84f489f8262c921100e391833050b4c533b9f2b37393f8,local-authority-eng:CHE
95b7b491b16d9a7994cc0ff44a6f448e8186846471ce56bc2c86a112779c42a9,local-authority-eng:HAR
95eab64c5f102381ca7c14e3a0be0df38f54655b13e1e46a8588b02766521773,local-authority-eng:HYN
96154d3602791b6ff036cbb05ae9fd81078c75678f421a2378d4a8e41fa87d61,national-park-authority:Q72617158
96b8cc3ae34d35209cc5a5260b99b041896b0108ea6a2fe78779b05e2b5849fa,local-authority-eng:NEA
977696313fc9d69121e07683c7f423c62ca7fa43f01715300abdcf24fa69038c,local-authority-eng:AYL
97a072ab424e2b395285ca1dd577ee58d2e7b7d192e69d48cb764534fde7c881,national-park-authority:Q27178932
97a9833a8c0c8b9c774f9a107d73708f772653072b2028218b1f9682bba1b030,national-park-authority:Q4972284
984b91b15cdb0607aa4c7c4ef26736902c8eb0fdf7c2e3dcaa61559e4666db9e,local-authority-eng:LBH
988424b060b04206906f7c335bcdc8bab5cba6156066d553a3dc4e9a7092c9a5,local-authority-eng:WSK
9985ab2f6dde34efbfcddbbced8763584d26a67ccf3ae36e2e48a85de6637531,local-authority-eng:STA
9a81347582cd6e103627b7430b9c1c7607dc937556ad739a3a320813ad681e9c,local-authority-eng:WSK
9b1c082553f4087749b2f1344a8a060e129f3f8bd288addd37c94203ceb62119,local-authority-eng:SND
9b4a1d6a59243401c330717ce3d92e8ffc61db3a305250a5ba3c20ac9ed60783,local-authority-eng:BDG
9b4a1d6a59243401c330717ce3d92e8ffc61db3a305250a5ba3c20ac9ed60783,local-authority-eng:GLA
9b4a1d6a59243401c330717ce3d92e8ffc61db3a305250a5ba3c20ac9ed60783,local-authority-eng:HMF
9b4a1d6a59243401c330717ce3d92e8ffc61db3a305250a5ba3c20ac9ed60783,local-authority-eng:HRW
9bb49d2edb197888e688b36cf91cb6f68cd25b640bd5863a9929e29c685ba81f,local-authority-eng:COP
9bdff6a954becbb8f531575c747f47e9b0aff85932b2a56c4fc2f80c90224223,local-authority-eng:DEB
9c2e8adfd12b4f474e7d511580029d1e69d1e08a17e0cb1df754c2e77b6001ed,local-authority-eng:ALL
9c8f995cd6749d8cdb58a4b0324e4f69fc585c3aea04c6bb3dea1510b15e3b70,local-authority-eng:NTY
9ccdb35438fb3f66c223a6872dcf268afe30503fb9940893e16298274caaff18,local-authority-eng:CLD
9cffea7d3b26315bdd1e552ea26a4ed5362dc37ef8679061543f3294ec9dc6e7,local-authority-eng:NWL
9d643bfe0a625b9e4ee90b633941c14702f9a07379af20f582eb78848b61396d,local-authority-eng:LIF
9dc35842b73d07be7f2aacdbb92d2242312f44655ab1d2315b963bd5281f4d56,local-authority-eng:BAI
9df43be1d09904a78e462dafc12d2aa8cfa54eb70528670e0024f4efb72d5fa5,local-authority-eng:BLA
9e1b22e993f2219cd48baa60b5f08a77782cd5f347aa220bdaf3f189cca73196,local-authority-eng:CHR
9f4653d1f69f90fe105b92183f5abcba74dca44a772f5e5618a3f503afb317dd,local-authority-eng:RUG
9f4b54e2080b812f541c0ecbcc1ed43d9b333e024bdfa44d6c158a9306a2fcb6,local-authority-eng:MSS
a00e9b37982c07846439883c5fe6bab8002f67bf87feeef6715cd5552bc059d4,local-authority-eng:MEL
a0eaf71644f390edc1392bbdefa7da1096572476444455ee179ff1c4c0376f32,local-authority-eng:VAL
a1084260b238f6aedf6e3f3f834bfe5d4debdc08ce0293b4d36abc9c146b47ef,local-authority-eng:DEB
a10c2625de0fe91703d55f482332f3889592561b6599aa45b177ce111be2b805,local-authority-eng:DUD
a1563e555bedac305a867f62e4023a3797f13aaa22833ac6d78d3a751927ab03,local-authority-eng:LAC
a16e45dbefe2d67a6d27c086768b6c3610d4e057bb19627da0cbdb13e3f0d2cd,development-corporation:Q20648596
a1a418adb2f172e0f4802225dc2d682bf9245c99986850df44c323929c7811a4,local-authority-eng:DAV
a1e653dc6fb8c219a6d733afcf521f39e89cb44ef3d1588b7d03365c6829e712,local-authority-eng:POL
a23863e6b1969f88b0b7bad3e35281b264f1a702482d24f7aa4b0962c5d41270,local-authority-eng:SHE
a26001953045fa4adbe8fba0255cae4798be23490e50e506a1fed9e15cec800b,local-authority-eng:NED
a2da9e1519a11e6ee870b959dcff94ff6e67d52dd16df9b227d89d3c1e2e73ff,local-authority-eng:NET
a37f282500be87c3a701e03cd6f94a580494c65fab07c7d4f5a14e1720222eb7,local-authority-eng:SST
a4149e55814b824af843565b2ba71091207463ebd59e229bb98cbdbf5656a227,local-authority-eng:SKP
a48a52d9ff3d161311374c7f89c210c7dfece07b0c397e69509da81c75acdeba,local-authority-eng:SOX
a52a9a58f7a0c7e0149824a97c231d590aeba0d40eb0dea5e9298390f19cbba3,local-authority-eng:EDE
a53cbda53334dee00c119a0b6d8bdbaa8626345120e26907ec34eac994e38c67,local-authority-eng:BRD
a544ca5235a2d541bd7282e4bad334e84c9ea929ae53a4f1f9e351acd0533371,local-authority-eng:PEN
a62bd82fa35adb10be1ab1cd7a7f80138e7ef5b541a06c9da052ebbfe236b98c,local-authority-eng:SCA
a637e311e73fba2d9966ee485a377c104567c422c9f1ddf43a81fd7e7fc0bc85,local-authority-eng:HAR
a64a53f87e9aa5cebcbf7ef2577a6d068e21f34553b9eaeccf2ab92bb724ddb9,local-authority-eng:SRI
a6545e04c46dfe76f4f901f7729db6b09f6f92906a5aebf44edbd6bcc6a151d1,local-authority-eng:BPC
a666f4dbf11f3430324b27f2fc7dec7a37a676c74d64bdec814d1b36bcbc8c5a,local-authority-eng:LCR
a6d2d37c1bf8197f493364dc5f7ff90b37612e049ef61dfb4794967ea13466f0,local-authority-eng:HAS
a7bb1005d1953d8753fb545f1c2c33086d6f673a9adff4f5f460cc35af327937,local-authority-eng:SUR
a7dfc601c79b6bf20030e1b61d6ca79c88fa938117b3ac0f7c42dfb9ecac3e38,local-authority-eng:BOL
a800e61d377f9e14326ec8cf7e05ea3a68ad37d70c23c3eb9e8d2c7c302d60b5,local-authority-eng:SGC
a8322a414d84c701f8e7dceb55496ed6dde86384cd0ac582d196bebfc74e012e,local-authority-eng:SEV
a8fd925dd6761fe181c03e48990b6103c2689a91d2b2bbe743dc4641f02a4234,local-authority-eng:COV
a9ee8a74db44ea3a07c0bd957aa8132caafd412a5e65fcb8332f57333e8db347,local-authority-eng:NBL
aa85d4aba990e75a876615bc94973393cd78f5193d873efc11ab2fdb0c4075ca,local-authority-eng:RYE
aab0d29316f19b3f27bfcb92a51e33b8dce2b8ee85f3c24d662e0a834d59a977,local-authority-eng:DER
aab812d311605fb522ffde4e5118ef82372b32a0174efaa023fcb9c805259d67,local-authority-eng:BAE
aaba4475ea32d9cc09ffbd9731b3374a834007828b57878c1a75132d2a964921,local-authority-eng:LDS
ab0c8a326b8efa3ebe9d431e82cf2327ebcad88688b9380b71b90fe752c94e23,local-authority-eng:TUN
ac4dc188755b9517f95783b7bbf33aba003b7a744da6a2f4d7a25e173c269953,local-authority-eng:CAS
acf7ca21710fcfbd685b35e97f6d6035d79b1300e575700e8743e569ac0ddab0,local-authority-eng:TUN
ad899eafdfc899170150b2510e80daf8133a6ce61aabac9f264442061561dc81,local-authority-eng:TEI
ada5701f73ed6edbd8ad7afb727a893dd819c2fe6018421ba3f7d782f4228cd5,local-authority-eng:ECA
adba57e6a9bd2cf3b45ac5800920c5bc345b2f34b8e7ab53826abf70d78711ef,local-authority-eng:LBH
adca013d505b76dfd5eeb1a290c8e16dce403ffc37b91655d7053faf79efdcb4,local-authority-eng:EDE
ae15e5e7894461be21090d2bcf8de7bdbb942a2a2a80504063119d3efb354a81,local-authority-eng:NUN
aebe6a2bb62b414fce15b3b158795ec83a3f27c0db2fd84eab17d7c03c7d8a28,local-authority-eng:ISL
af02b955925936e80bc4d68f7795cf6840c642eccbadb8748c95b81df1039ce0,local-authority-eng:HAT
b08e807d4a968e2e3170a37f9a726dc55933ffff856734cd3b00cc94e696255a,local-authority-eng:COT
b0d0ed5e51a21c50ac6930f67d50a51771ab4d3960e9d6900aecf2f37774c25e,local-authority-eng:CHS
b10867fc84f63009cb91b7a3036d80e37b0fba343c8068b2909581b94eb3a388,local-authority-eng:STA
b10dcdcc725e91002a7b3025941b8430c837dd5e6f0026359f274c64b8aaa7a7,local-authority-eng:HAL
b1be54f56dac42a66fb573ec158b43d39d90d8c1529454c1e9e126ae54f00136,national-park-authority:Q20198711
b23a400345f7ab54d3aa4fc0234c12addcaa5ff4baa4239fb31372ef625f4df9,local-authority-eng:PRE
b23d3b7b05aac7b35722507f35cf8c1292d67e7897b878979c7d4171bd5d8e15,local-authority-eng:WOI
b23d3b7b05aac7b35722507f35cf8c1292d67e7897b878979c7d4171bd5d8e15,local-authority-eng:WOK
b26cbe44a7597472d76731bf035f70a6fbefbf220e763080e20d752a16140181,local-authority-eng:SGC
b28e95652a9e92853a251b0d30e8b768b55aff71db254ecddad39ea933a93555,local-authority-eng:ROS
b2c8d01828e0c16dd1669a7c9b19407750d58771fc8aec3f95dda15f0be790c7,local-authority-eng:WEY
b326c61bf517ff002ebd3e164acb10cc7760128c0d398980b6938ac2edf80474,local-authority-eng:HAT
b3e7831544378359078c65e673984c266e777dbc082a90ff816680d84749c807,local-authority-eng:RYE
b4b1b375f2e82179abdbb70e6fd63777cb113aa9a05f1903ae4b777fd90f61c6,local-authority-eng:SWL
b554a974105250e2a3bda92370a07cae284fd34b214ab2eed2c8a16b61c41a51,local-authority-eng:FAR
b5cee04ab4154f840eac7b12fc6949c1374548f64faeb175fc02fec9ab9f4405,local-authority-eng:HRY
b5fea7e3743937065f3583b20ee1804b0c8830d4d5e22b1a786d9e296dc9bf3c,local-authority-eng:NWM
b63e0b9acc16a30bbfd8c594811a54ebc4da25b4b1a700c7f8bbb3f8d503e989,local-authority-eng:STE
b6af720aa87bf66e1fd1fa68f99bc9d149214119f609d510b990f5168016a4c6,local-authority-eng:CHI
b6b69891ddb29404c8388a543d8695ae1e31d576cac2d334f5327ed363952c4a,local-authority-eng:EHA
b6c3ca18489ffb60839f8e9eb2bc4132bdbf1768d87bc646367f31fb6fead761,local-authority-eng:BAE
b7354bf54f4a46cf15de0dcc88c18a00d16bcdf4d140ed2911e7462736f7101a,local-authority-eng:SAW
b7597609efeed92b88bd145d2bb2a99ecedc08b2394a43f139e60c49960ee676,local-authority-eng:BAS
b771ecb1513899d4840bb9a7765973ccefdc78e83b541dade813b3419d98b5b3,local-authority-eng:WEW
b7d3310848346fdcc872fb40dcb80697f05dfa1f5935654ee13f75e463f15462,local-authority-eng:CAS
b7fa00489ff4bd8f0cacfaa5e71b3b5bad16389a8d6cf647d6f3cb3f4185f392,local-authority-eng:ROC
b812cb58e35f73372b0a3a115dd232821ee84c9360bcb4b485cc9199649dc6b4,local-authority-eng:STR
b853ca716a5d795b330869bc22c5caedc0c8fdca38cca7005435bae16415f89c,local-authority-eng:CAR
b86803372f3d98e07eb387086bc57d8601c5981e603fbbd8bf09d0c499110a61,local-authority-eng:NLN
b8b464c46e6c1ac980d8bb1675d597246c851371fec1547a2bdbb1bc45fffc80,local-authority-eng:CHT
b96a9576ea4b3492b2321f9ff796d410c46e6d9dd6147a6fe95f8823050c8a79,local-authority-eng:TAN
b9717f657daebb5aa79b42c3591e668ae83b16c4b1bf58454fcd9f72033bfcce,local-authority-eng:SEV
b9ea71e5bd340709890299a47bf7736576c19b36e765e487a6afdba83c1785bc,national-park-authority:Q72617890
b9fdb69c8b65e457c6bd676ac5f98d906bf6ff0f098ec3bb81c69da61a182f91,local-authority-eng:SWK
ba353fe9db103bfad131f4ac250940a6db7165f18af3e8a66f0d7f1298a3675c,local-authority-eng:RUN
ba973a5d5a0e1b75eea7e25cc2328e2fc542f29da9d717ad436aa78e5313bd06,local-authority-eng:WOC
baef023ff2f35f332f53544d9a79c71a0326b001c729bc573f815fc37acfa7a6,local-authority-eng:HIN
bb7cfd9ebfb39cf9123c934bac4a6227b86c6011c8073df4b42d00da835defd5,national-park-authority:Q27159704
bbad1c464ef91df8021b49a92c8a0dc7b182f1f5c5c2a6aad20ff38de22e74bb,local-authority-eng:LIC
bc47cab84400906f9fe11ae1588f8f25b6fbc0e4b5cb4bc2a179c22c645423bc,local-authority-eng:PLY
bc72c239e3007187e0e0131e57a251f0fe11d00ddd75b898803e674ad4f44bbe,local-authority-eng:WEA
bc82347aceb12b4bf9af4e7f96a6401e900f064e5268e1695bdc5ffa4d96290f,local-authority-eng:CHA
bc87e63b4ceee2dc1fd6b958305036992e2cb55c2c74753a70af58766f877add,local-authority-eng:BRM
bc87efdc831cf8305bb039521d429297db8b66a4d8bfa1116cf27b83260ada54,local-authority-eng:SUR
bc9ee1a1487c6e588593d6571ba87806672d320db6836588e6005356b7e054ac,local-authority-eng:SFT
bce7569d1d19606de3c44205185479fdbab215ef80861ce21b273dec1a40a09f,local-authority-eng:NEL
be1fdc02dc5884aff64529a6fcff762b40b094e4680733749c09536202def25b,local-authority-eng:SEL
be2fb3ffb87a7d5a36ae57ac8e546d27361c4572ae7a7db4da1c89e6013ee919,local-authority-eng:REI
bf2fad53a34129d1e5b0a0d8598a565baf02ab95622c4a8924768b2a33247491,local-authority-eng:EST
bf3e2b4815b9063d23f14828290bc2152734578e4cc7b9c1c3664bc28ba648ce,local-authority-eng:WOK
bf54efb0075739228f1484c250183444c03a9dc7d07d05251eaba0509abd0bcf,local-authority-eng:WLA
bf8d9f740d7dd14a79a4a98bed6d3de4e3445ba7145371de9fb8c96a046141e5,local-authority-eng:TOB
bfdedb9b3291b4dfe9bbbef99548204071bd6eb5166832372c78a68c477cc9ff,local-authority-eng:WLL
c024c450c009a17cc094f3f0dfc7a480cefe96aa80aa0b9b5c6d3581b1cf09d2,local-authority-eng:SOX
c04b2e2c87983db3653b9faf92b1b138474e29048b92dd8318a1458d3baa0377,local-authority-eng:HNS
c0a5838c8daf0ad8503b0a15e2ad864567c23a3cdccf0b5ebaed9a9040714540,local-authority-eng:SWK
c0ed6ce1503ed7330147496bfb72fdca03d6f6fcb564de3ced18cb70fbcb16a1,local-authority-eng:GRT
c0fcdc64525d3be69736427cd397bf5a3c2d68104e8a9025a3f21662a804139c,local-authority-eng:AMB
c1bf927f1fd550d268dd1daa5df7e55c5f3319dfbff2326e2bfd83db97f7838e,local-authority-eng:KHL
c340b0b90445491dff65ab18aa2f96fddaad45f230186f00a93d9e0e8d466520,local-authority-eng:DER
c35d9beb019bb3bcadbd1c40509694451552a93de32fa6d962186f00dd70d577,local-authority-eng:NED
c371ee7b67f8459a56552ce97cf90be562af6460fbb82b8a555848899680fdc7,local-authority-eng:HUN
c395ca289e55defc0aec432c4d05c26ecfd81c82635e833927811074a1fb494c,local-authority-eng:NWM
c3a2d4c3e6139196fe6f74a01e8d1d661abfccb09af6d3da3064675f383c57f2,local-authority-eng:COP
c3ba8ac4ebb80ff1a2c402b93ca9589a6acd905d90cc1349702cd9b39de1fe6a,local-authority-eng:BRX
c3f3786b320119d81fa0230f54fc05496ed90a8fa57f2672dd51b49c55f63794,local-authority-eng:WIL
c40c735f8a48b6815bcd3ac46897d00d307b90ec8aeb4b74f11180f23368ba6b,local-authority-eng:SEG
c5aad3633bd009dad7f20ff733d79cf7cc4a4a57acd0987ef4dd3fe77a6c3e2a,local-authority-eng:TEI
c687ed16cca030e03249029f8da9454263c50f7848cfcdb3c322056e5b8af71d,local-authority-eng:DST
c69886f913548000a4cdd98a8d84bff2ee05f8980c176c7c04b247c5f47b02a6,local-authority-eng:RUS
c6d253fc7b5d792398b9d633dd02aefa56efcfaa9bb5576d0dce8873ea8338a5,local-authority-eng:ESK
c6fef3aabd298d583a2acb3267dd8aac27865190e4e94f3d762bbbbe1723029d,local-authority-eng:LCE
c741599b0540d17238c6645b44f32a2690eb2015e37687aabad2f4ce213a2742,local-authority-eng:AYL
c75513d980e708065e70293fa974ce9c6af916d29c311b93dbab465490a0524d,local-authority-eng:BRW
c8c6b0b40e6a997d415e3e333a25d253f9dda6146058bc7279c1afe04ed27307,local-authority-eng:WBK
c9093e77f452d3a411a3fb2d7fc5568946506f1e2cee0acfbab9c7b3306ba17b,local-authority-eng:BAS
c93b8cb516e9cc63b0b40a297aa7c0c2c94082b17e28b3768773c14723902426,local-authority-eng:SWK
c976f22b34262dd3a24d1f1c6e2ac77214f5a964ec49fbc05d053f0f76c468d9,local-authority-eng:DAL
c9ea72fa20b93e1ad556c06748df80d02f0da9f048a9c7ab8dff1b8f8bb91186,local-authority-eng:HER
c9efb0cb8ed2a2b953782353e67bc587f31dd7dcc04342968b40911e6e653697,local-authority-eng:BEX
ca9165464aebce2dd394540df8bf52f67a1726d53f3023be89ca63afbf055241,local-authority-eng:MAL
cad401109991f557c0dca3d53c84dc367029614076a2db8f32da188f6f8d5999,local-authority-eng:BAR
cb22628b8cb62b5f81b430fe19843d6c31c9785fe9d7714adec1332da786d82f,local-authority-eng:BRY
cb2dc71dbb4da98188916a22277e056b0a68d78360d09c0a583fd2acd6fc6f2d,local-authority-eng:SEG
cb3265f2e0732f53e949c12898603223699b8b245f019e800540ed4080f1a8d3,local-authority-eng:RCH
cbd3ee27d57849b34de7da9aa4bb144580ae235a5ad16dc3597ead1ad9bfa656,local-authority-eng:EAS
cbe8edcde17181afc97b7e37091d20ddb38ae87d7f6b1ee2b1ebd4ce740a5eb6,local-authority-eng:NWA
cbeeabcdffecb3478c423663d10f7001b157cb159ffff18952325027196613bc,local-authority-eng:SHR
cc9d8a6f628d8e2484019afa480ad49c43e9247701a2eb9d372cd210b7b4fb84,local-authority-eng:HIG
cce0634f5ce01dcdcb129f8efdfa031e01738802cc26606e5118774b3c660273,local-authority-eng:OXO
cd05efb4464f72f941991a19be7bace64b8c0fa999d52a38118b436807dd2425,local-authority-eng:SDE
cd11a0daec5ec86adae6f34ee831af06d1a32235466fa32aa6a6949cab17ed88,local-authority-eng:CRA
cd2ec6315afb318bd69a854ece5c827776d5c77f14acd7d50f4d4d1779eeb0c5,local-authority-eng:MAV
cdc02f2f7d91a7d87e0edf0f856b12cb661712242d63f71e9271373c229f7ae9,local-authority-eng:WGN
cddc3ff767eecebd21c24c2b6c41d063c32f89c399f810a368ba184106a9347a,national-park-authority:Q5225646
cdf96e0658c9d0aa686535788858c3294281580ff02af42a272f9c8a0b6f5005,local-authority-eng:TOR
cea1f1cff00166543cd54c49c6c7a53286a789df75c40b8445909347591173a7,local-authority-eng:SWD
cefcb91c4f1a7bc6cb24ca8b04a505ff8a4cde5f58b2a82f36ef02da6aa27f83,local-authority-eng:GOS
cf46ca1a4dd61f5ee33fe0e05a7f4cdaa8cb0c7b1e3144847aa11db1dcdf549e,local-authority-eng:MDB
cf8dddc0cb6ff45aea4042b8c0000f0ec40f09baec4cc04dea849ab493890df8,local-authority-eng:LDS
cf91b1e94fe298ecf6383060c79b3dd7d030cdfd00bda985fd69f0dc883eab95,local-authority-eng:BAB
cf91b1e94fe298ecf6383060c79b3dd7d030cdfd00bda985fd69f0dc883eab95,local-authority-eng:MSU
cfaacfc1b52b817c91b81d5b7ab08cbeb3c5efc7c925c86231c44fbb9af4822d,local-authority-eng:KEC
cfdb1c3ee9adfd9db72e708c5d81eb3312716b97d6b262aeefe8b7eda3788eb5,local-authority-eng:LND
cfe4e708333a8ba6a0126f8b5c63ffe39e16bb7aa963901f3c76381f5087a674,local-authority-eng:BDF
d015dab751a65f69467d65fa440829902f56ddf79a3103ee51c1f534c7e3d3e7,local-authority-eng:CHT
d0334d6ee68756039a3c91c646699f3478bec36766a827645988f5e8074f6d90,local-authority-eng:BRM
d050de848770a35646a3cc720bec9032fb4655a9abeefe3732a99cf428ce8bc3,local-authority-eng:CHA
d18dfdf25ed10103322ffcc75d7c526c7a81c54d71ad686d442e431f4aaefca3,local-authority-eng:HIL
d197adb8a5cae279baad3492689bdb3517c6fa1d99ef106ca0035453fcb20273,local-authority-eng:DAV
d1e1473d32e09ef7a46aa1251129c17d6e37c76a086c3c83f3e2198e896337e0,local-authority-eng:BAI
d1eb92649597a50f2cf43c528c17c14414b595590c4468acceae569a9db52a65,local-authority-eng:EDN
d24e2c1176dee08a4c1c65b48bc6f574d54c85552d9885c798f03b82e1bab865,local-authority-eng:ERY
d34af1d118992bcca93e6e8f0773f46103762376ec4e4c09192add94e22e28e1,local-authority-eng:BUN
d3733a22feabf93ca0d3be2b72e5468175f298e4a1612af271097ccc397f7fe2,local-authority-eng:TFW
d39c74cd0801e8161d4e16dfedbd5a396d609ba6ad628bb6d3990115fa8c5680,local-authority-eng:ASF
d3eb94a7c59f7db3ebad3697d1286ab9aec3e2071e6460af0e639c64280c56e1,local-authority-eng:HIG
d3f0296b30c01a855665b3e3360b088b1f588656700f69f96242bb78364b6a58,local-authority-eng:PLY
d427691604e00a4043e4e6ee3645a4c5eb1216c2113d1cf85e8c587e4974289c,local-authority-eng:NEW
d46f17f0731ec70de00ade53bca1dfe7be33bcf8304b57bbd7b6897bfba850e6,local-authority-eng:GOS
d483e78acd0ee1bc1b6eee81917c66d7b57bce818f5c1bbe74b88564b4e69418,local-authority-eng:WEW
d48a350875f132bf12805aaaf14fdda4368bda7d4433e9ed5f6d89eb4519b74b,local-authority-eng:BNS
d490ecaf1e06967badb8f9530b99dfb187bb2d801afa69d9df9b96ec36681aaa,local-authority-eng:FEN
d494391a1a0f445726ac74d1972f65d947af41c8aa8cf83f48fa9582e2890ef1,local-authority-eng:TEN
d4b862af458d60dd1b3938e91489a065bcbd6ee5d4a82c18c89aa35cd6e280a8,local-authority-eng:EPS
d4f1ca351e4d49b0de5a6d4cd097a8c205750d5f4628793f4ce34e74d88e62cf,local-authority-eng:TRF
d52e2960347c63c98a546539eecdaf89f3d73a1c13cbcd6c3ef5e35300caa80d,local-authority-eng:CAR
d52edc1e3f112ac4b7af4acf7367b7ed003b34beb51ce5afbf4b42150abcf673,local-authority-eng:SOL
d568f4d0c63f8f1b8693cfbdf93a457b82f5b5119ce71851eda51145cdf18092,local-authority-eng:TEI
d580cfc602b4722e92b8ebd933c442a2f8d6a1cfd7191595189002cd3365a8f1,local-authority-eng:SCA
d5937c88ec442caaac857fa63c2661816fbfa8c50a0b92aa2a863530d7474273,local-authority-eng:STH
d5960b609e7a8c8e57088286ad7f58a8be460081bbcb270dd518bceba0062138,local-authority-eng:NWA
d5b5476c600cb106c1c3dd35f759b6b905ce1d3bbbc380a7ef54fb8eb3f61c72,local-authority-eng:MAI
d5bc0e08a11ee0a137851584c5bbaa970d16bbc5ae376ead8585ffb651e9be78,local-authority-eng:WGN
d698c8945fb27512b9005bf7a1358bb64f045212021ec909e61507916df4b83e,local-authority-eng:OAD
d6a17c18bcdfaa3eeb3516d34f3cf7480d464404a4233a92bdb5fd234b8d1922,local-authority-eng:CLD
d79d3693638e7f1dbfb0c12a7ad6c8602f5c36ff08415c8377527925e4aab764,local-authority-eng:BAN
d7aea6ec6c535d9a66b4b5db16f9a448ee6a76d30c5747d8358640897e02c63c,local-authority-eng:HAV
d84c398d17b225543876c6cdacc81975061ad3c8b4c6576d68e7357f341ca6ae,local-authority-eng:NEC
d8a16d03651b220f37c32edabd006744137af85045ed701d852ffdae5eee17a4,local-authority-eng:NEC
d902f01382a8414cc026476de4dcfabbc0a64a7d7e0c8fcde84484b15287a0e3,national-park-authority:Q72617988
d95094c44498c6a80f59506d4f25bb177fe7f1b5840211784af679fef1d788cf,local-authority-eng:WSM
d9b839bed78395ef1e2f9c3a76a3f1f3ecd5e095d8abd66999ca27570a012196,local-authority-eng:BOT
d9c351d0c55cb447a3d41dcd91f5049d2fddd32d4afc1858b00b668ae4594baf,local-authority-eng:HCK
d9d4a75ab27d680927a3b7c35c36c801072ec4968a3694e522c1bed237c1da84,local-authority-eng:HAE
da26c67613458037468c95537492b71354c8de8a49bf0607d1e3c87c92cdab72,local-authority-eng:RDB
da49d66b5ed8e94046b3558220b61b4d02f7dd9f48526b9c459dfb137ef02b58,national-park-authority:Q5225646
da5cb7eaaf4971205deba21560b15ea17bd40e9eabda92cd4a7098294fa8495d,local-authority-eng:BNH
daf78166cf6af62a0b40625a2fd6c8401f27b9fffab4a92d9bd3742bcedea4a4,local-authority-eng:WYO
db4d65de7ba15f2b12c54fce24be6f205678cf91a4487d9224803829700b08e1,local-authority-eng:BNH
db8f9c624b78cb7848b2239914a076d79a088b502f21d3ea46ac12281b112014,local-authority-eng:BRC
dba02d5050b14b47891a07a12ec7f59b65f5dbcfee869565b36e4eb072ad7223,local-authority-eng:YOR
dc3dc676b8948742792a20f39f991601df8d080bf5c0867d8aec67c3dfd7cbbb,local-authority-eng:ELI
dcaa694d9ae4af00bf6d73aebd64f1d6e2430baef40baff410b22ac5dbfc5cfa,local-authority-eng:BAN
dd2a2f866e6727626b80287d3d99cf05cb7b5780aef113638591e823f0813ee9,local-authority-eng:MAL
dd3d40eec2969aeec60f84421c15c209665af8b62a91272a68fd53d7303e94c8,local-authority-eng:MAN
dd64c2da17f6eb4e43661445a85c3ad1cd144281a9bafa13e3d84ef8236c0dbb,local-authority-eng:TAW
ddad8af2bae8834d886241b6a4908208adbff7672798982199ffead54b43b600,local-authority-eng:SEV
ddbcabac5b08008b12aa508c5bdaf5ff1c3912f90c52a7dacdbc9c28cb5628ac,local-authority-eng:LIV
ddea186bbe78532d6dc7576d1d3eaf01f809aa65da7a8078903bd6c3238c9745,local-authority-eng:SSO
ddf2073395ed7fbd7458242c75a5b2b8ac09141f45203d406356460022e3995a,local-authority-eng:SLG
df15d9657c352a52d53af3543624f6a8ac67296eb19a3f1708846bcd989935a4,local-authority-eng:CBF
df5b32ddb038b606fe02b3119f4a4801440b12d13dbb4455ffa79c2fdda85966,local-authority-eng:HIG
e00fb59b661b6e0256226e748cfe24bb1b472bd96ca486814d42d6aa08969a3d,local-authority-eng:WAT
e0cab939ecfa32577b6180ef89187a57ec62309511afa3f69c7ae6f91d013425,local-authority-eng:CAN
e0cc574bd41411ecf7f4b6c7d326d849c5fff1b6bf08596f9360ce227a583cf1,local-authority-eng:KIR
e0da5f68a02fc08a397eab9f5fd186005b76f0c363763d7c8a7bc71fe190613a,local-authority-eng:GRY
e17137a06b3071845cd87dc093827b5212db1a0f7820792f85cb530c55289af3,local-authority-eng:HAL
e1a3f4e3adaa74fc0b91e8e210389b471f628c654916992cbdce1b39aa4f8934,local-authority-eng:FEN
e1e04e3b5050b50487efd9db26e7b1769c120902e23efdb15b1cb370128032bf,local-authority-eng:ECA
e234950d52e91d65ee92ae3b8b97c5729ec97683a3e9285a45eb0e076f33668c,local-authority-eng:LND
e25d9700d882edf7bcc4ae223a06621c89445036c2357504f0cbe8dcfd1b681c,local-authority-eng:TON
e2a30950012990c27710b055159d85beb71dbb08bd98d7b6d2480b7bf4c678b2,local-authority-eng:BRO
e2c4d91d73159d6f085117c06992f98af3ae5c1df132cb2c4e22086f57a67d71,local-authority-eng:DAR
e36c3221b2c522b4139e5da6bffdf09dc7981ab7bd4958849e154603bb4c8a7d,local-authority-eng:SUF
e3b0c44298fc1c149afbf4c8996fb92427ae41e4649b934ca495991b7852b855,local-authority-eng:CAB
e3b0c44298fc1c149afbf4c8996fb92427ae41e4649b934ca495991b7852b855,local-authority-eng:HCK
e3b0c44298fc1c149afbf4c8996fb92427ae41e4649b934ca495991b7852b855,local-authority-eng:SWT
e46704299ff7c3b29f1008d4056fe2063b513db25b452b2f1488c0a0746e1430,local-authority-eng:IOW
e482751fa2818c8d3f6b12a494ebfac0ccceeb5ecdfc1f9037df84c8806473ca,local-authority-eng:RUT
e4836d2f4b661df8214ab2510be23f29b45e5c72927662388e201a0b76a119bb,local-authority-eng:LBH
e485663d18775f736b67125712aae6a442457b3283f1e38dc6b9d94ec202c1e1,local-authority-eng:ROT
e49b3fe4791ec47a43a86f82849e743d5c2286f1606d0f266a974e7a936da0d1,local-authority-eng:HAO
e4f356c08abd3e5cb9baed1cfbba0a487b80d08dc202dca34ebfefa75114a514,local-authority-eng:BEX
e50704d3ab5dc863dd3d1119945702e7865fee637f75f8a31ced157413e122e3,local-authority-eng:TRF
e53be271df2d4faa2628987ad5a9bc288725a8f261fc12e54b484aa4809c04e9,local-authority-eng:BAS
e6832538a2850d924932346f295d25f3b18b83a0ea3e9b1c31d005fa94c98962,local-authority-eng:HEF
e69999f36783b34f0e55d26ea8d9a1e18d6de6cd48e44b7c22f8ace6f9ea3b1b,national-park-authority:Q4972284
e6cd117fcbbba42e528eda2d414b7886ca5b98a4935b355444505857ee9cd707,local-authority-eng:NKE
e72342d239920e900c3d53bf04674f14693edff36753f6c9e8404e655fc130cf,local-authority-eng:BAR
e74f26b4f5d9193ace0f891a320ef1a8d97949a52228a0702798c031d731f416,local-authority-eng:RIC
e77e16ff2ae040dfb22455be51e81af1e87cb19e10fa18ec241c146da2df3b2e,local-authority-eng:TWH
e7dcb6f7fab20a9741a93ddcad892a462728e88ef90888f5098deaa4d02d3719,local-authority-eng:SPE
e8a09091da6ec2d3added43809b196176b082f34bf5fd94a517653b41d97fd98,local-authority-eng:NDE
e9d4a04b8c4b43cd498dbd35e3ce69309f018414e202021e98755ac180570d79,local-authority-eng:RIC
e9efe1bb6cc55199c8e012644cf9c048f3c079ae17486ad37a2f9e74eb37c75d,local-authority-eng:BRC
ea2c2980ee2e16484619fbc1db49abe02dfda9ed7195acdbaebcee215a788325,local-authority-eng:OAD
ea2ef63e0b5178c02384980bd3476272f2cc5f790e7ad76e0c1ad836eb5b3ab8,local-authority-eng:LDS
ea9c1bba529e8ae6c060661fc82ec7a7cf4ac98c5c46c3e383fc9e77e60dd646,local-authority-eng:FOE
ebf97bd43269f3cd64b503c68e4214946c7e33174fa0bf5135160046f944ab27,local-authority-eng:PUR
ec367fe4fda7efa395c5b0a98188e66b0e40f4c7c5b1d8ea4b19696c8adf4a93,local-authority-eng:ECA
ed203d0a058b055858bb0df3e17b238efde81de06f64fd2dc5d3d3186e6ddff7,local-authority-eng:SKE
ed2bf9e51c8a6a2ca0f9b478822f6c6c4176f349653e5dc97d906a7f0f3b1951,local-authority-eng:BOT
ed5362b06c876fc38c7bda12ada14394780c4f75269c28fe728be29f4ffd82b7,local-authority-eng:BOS
ed8725acf5769b2dd2467dcab1783eebc46afcdd7718d67eef6930e242aeec02,local-authority-eng:YOR
ed890e95ca38770e09c43a3d1c3fa29afad3918e482006612dc5c07410a2382f,local-authority-eng:WAW
ee5446ffda0143766471863c970f3e46a00e4dcf738ef9a15620c2d84c9de354,local-authority-eng:EPS
ee573828768024dbd3895a24b75fa76a74fbcf95cd1d117cd35410181dab1118,local-authority-eng:BRT
ef6908bf784f43ea0e9a6b0c6b5a8e1634163d2fc5bb524962d6a5bfc70c0662,local-authority-eng:ERE
efcce94049ff26654afcbcfd93741be8dca6160802d934443731cd893cbf58c3,local-authority-eng:ASH
f0d7ca6f18b90ab9b1c8f85b6b9e1d6c4c624740a81a1dbcb0abca9918a65755,local-authority-eng:HAA
f1dabc411564f67e2de49d0b00063a58875f8d8135e9a2e61f9b4d9c9b70f11c,local-authority-eng:STO
f1e3fdfb879d42dd7479a47eb598ac37273cf7abf7d2737922e4ef453d267644,local-authority-eng:STT
f218430a19d8518f1ffa8cbe7eeaab16d3cf846d50a66d188204ff0c5bda58b8,local-authority-eng:MAN
f245501bbb58d184ec96458c944ce1462111ad2985385d1e9fcedda23cd57b22,local-authority-eng:BRE
f39f7911ae83f673434169185b05b99802049de48609e94fa81d093aa3d5e80d,local-authority-eng:TRF
f3b25a2c0d403adb6d72d4cee56c1a977e18aaff86d7d863005ed4b3409d2116,local-authority-eng:CHO
f41926039351e8f383e8dfce406ae621c4ed3f93e8214286b2aacbca2096ed83,local-authority-eng:ROT
f51094e69eb839e598af55fd2b7cb6321a2ef0ea0f26028a77c9357377221610,local-authority-eng:OLD
f51578d5fd97b9393038a880a9c3a63a700ad1921a1f55fcd0478b9e8e9c1147,local-authority-eng:RDG
f51f52143b0c52a163a89196c8f68bde81f194eb52d8384998d8a6df56acfd78,local-authority-eng:NNO
f52de3d0d6050f4313917a3cd4e0728a3400a62df501f80f85d3d13ad9afffd8,local-authority-eng:WYR
f58f43d07c2e42b445553c644027fe2df546373422812873891b2db7f5a07a93,local-authority-eng:SNO
f5956082f48ee7302cb36a28148c6704300a7e08e3ec95acfe4dcee2725bd41e,local-authority-eng:NET
f5f4bd0b8b111dde934d10a38484de28a5444cfe59b0845dba62cb31a9e38632,local-authority-eng:CHO
f60671b34748ffb20e79509fc8e8d56e4e5643fb3a827ac44d327199cb80a035,local-authority-eng:FOE
f618e836695cc993d0b174923ff644051a6c691c35c238bcee61f84f18807032,local-authority-eng:HAO
f657b9103a417cb5858f565cf28e877c8201239452f89353d0fd11337c5fcb4a,local-authority-eng:CHL
f68068dd03eb73c078f00b04512caebcd88c14d787fbff2f5e718733ea6f8023,local-authority-eng:NWL
f6977ba4e98603494f56336bd766e9b117612139c4d3e06e4027b029bb51f996,local-authority-eng:STF
f6f13a35f713dd2a3a8043d237829d292f71e72605b7ed07361c2ea938f31f14,local-authority-eng:SWD
f724c2ecd32504d291c804fbbe9c9362d0ea7293e370ae1fa91e8220ce0f89af,local-authority-eng:HUN
f7eb4732225c84eba8bb04092fb85c44fb4092ccd6d4adf4d0b1c3c846a78e1b,local-authority-eng:MAV
f866670bcc236484f503fb1bd3f113033958c9e47ba046af1cbb21676c937673,local-authority-eng:HMF
f88e661f7b1e5b3dde4af9bf69d323261dec7cfd81eebd6285403f0c483bafac,national-park-authority:Q72617988
f8979dadf073ed0fa1373b6c018fa376833c5aa9e740a215f71026202d1363d4,local-authority-eng:BDF
f9d7736f3c0f39b7ce08675ef48cc1101a9eebe168e1779830285b86029953da,local-authority-eng:IPS
f9f24cb438a0443f7ae61ce75eba8c8cd3cb40d0b287ab91ac9e6953f5100859,local-authority-eng:TEI
fa146acd922fcd5554942587469a198bac9a48ea451bf558202c3f7ad32bba37,local-authority-eng:DAR
fa411b669b42efb23db8afc3d597771cf58350c969559340eff0b141e874af78,local-authority-eng:BMH
fa5325e0e2cdcf7d82f5156699885f41dbdc1dda43e580438543e4c5a59b4113,local-authority-eng:SFT
fa78f0d943aaba95d7fdf7c3fd6781c2c89c93a6073bbe150692f4e51fbe69ff,local-authority-eng:PRE
fa82e5aa53776371526af86e44794adbc4dda6eae55b91a6fe0dc359f2b718b6,local-authority-eng:CHT
fab8e79f5638d18cd31f4ffbeda260e42c31eaac184c5e2fa11ee5c7fffb218e,local-authority-eng:PUR
fbb4580a1a8fd699cf799d67ccfc6f7a963e815896e8488b098251151a8423d0,local-authority-eng:MAN
fbc421a2e2a38ec3db2420cda8952fd28a5f1e1a8c595cfd9badee48011265c2,local-authority-eng:KIR
fbd9f22e9868b9a5a53e4095516e4091e807a456b61345576d862987467d3d25,local-authority-eng:SHN
fcd6ae3119c1af0317f0d75513bab6f63d79235918e58af062cb8a28dfbb3015,local-authority-eng:CHC
fd0fb1254255ef65d78af1c000fdea495c76005e405ac48503f1b45432c9ba0f,local-authority-eng:HYN
fd416fd67a29ef4d4bfd9c4285934b74b91679c75c463f35601144401b438aed,development-corporation:Q6670544
fdb6ce595c4938641c14214bbca1608c9eb22cad1e5702bbda19f14282b89e8f,local-authority-eng:BAR
fddec72ef9b819c61d381cd828aff7ce4ff57be079a1be5be56c083e5a2eb0e5,local-authority-eng:GOS
fe474ebb97135e83ecc9c339df17b44da038eb60dd00965e6665967f6e8dba3f,local-authority-eng:TUN
fe585c59ca2a9e2f386cfd20c41b8393b88307ff489b4674c28670a52ed75916,local-authority-eng:BAN
fe940b6343feb4eec0bc9125cd0a7b601766572d0491e16adf35d852bdb45119,local-authority-eng:CRW
ff2702756c14c9f349738b11b77ab0633a765e85c7ea82eeb07e772d3cf55a28,local-authority-eng:DEB
ff6b5edced535bb121b7c9264383fdb42f9d52c847b64e02ed7279fea37b0c79,local-authority-eng:NUN
ff932883d9f76806ea5f71cab465cce00119899aa3ec57d77d470afda646390d,local-authority-eng:DAR
ffad0e67cf92f031918f67f2fe687e8116d2b31fd2e715f04f83c76c80b24deb,local-authority-eng:PEN
fff29e0c36acb91a51b968a7de6a8880bfeec9a202b1f74c250d816db3171662,local-authority-eng:TES
